url,word_count,sentence_count,flesch_reading_ease,top_keywords,embedding,is_thin,title
https://www.cm-alliance.com/cybersecurity-blog,326,7,10.0,cyber|cybersecurity|training|events|clients,"[0.1457109878739277, 0.17160831109043065, -0.11768261789616805, -0.0029873655541323594, 0.16972586056281772, 0.004324847487080698, 0.006473372307329177, 0.0683062512216842, 0.0967888944567013, -0.17291668561087115, -0.28312390152828437, 0.04191125519814143, 0.5432351942354633, 0.2895463273556534, -0.12930901133384853, 0.016752732360382012, -0.12180618250875878, 0.045933869497312735, 0.04002164331446436, -0.003277776221939925, -0.004558248233455141, -0.014176741826951176, 0.08127590274128764, 0.05854011880964338, 0.001241112481746492, -0.011450670522331608, 0.06041573177283278, -0.2612382525930073, 0.08743821882232364, 0.114822297452032, 0.04684650458277293, -0.011474700039404073, -0.02159351407706236, -0.08915564146798598, -0.1693963244749498, 0.0033689935745678454, 0.01834342709138882, 0.04508769899639258, -0.4056821323999176, -0.0608732540619041, 0.010817723867143513, -0.04836377806965326, -0.1722058062521562, -0.11536671819713047, 0.04853018753932184, 0.056626253910798695, -0.0037505662697273684, 0.006945903939953637, -0.0065801658393945615, 0.0015362000731092887]",True,Cyber Security Blog
https://www.varonis.com/blog/cybersecurity-tips,1747,94,44.24468085106383,varonis|data|access|security|cybersecurity,"[0.28637120593334014, 0.40330652914180265, -0.13161281671592534, 0.02543611736540089, 0.2557255556051047, 0.009118591390344068, -0.01114321482354732, 0.00993988588653721, 0.0591834606919108, -0.0752516059422477, -0.016673821112745343, 0.05202115156092268, 0.13489156492370966, -0.016181065338954526, 0.004198828827440252, -0.004473607112719363, 0.16510638286305898, -0.11565653652908417, -0.13172814860425408, -0.028801461791531934, -0.06058815447115696, -0.037993880025184834, -0.21932730078785515, -0.11075749131701439, -0.02162997305848233, 0.025776655922604405, -0.09955556537887246, 0.38153707555345195, -0.09104402435234306, 0.07486477696740292, -0.011771876400713236, 0.07439184048764393, 0.12437706618134509, -0.06051680048783542, -0.25696511538578853, -0.13233170895234087, 0.06798692405141993, 0.43753499247456445, 0.030668241254912004, -0.01701129801288081, 0.009161058898090185, 0.139263352958953, 0.03625612908463122, 0.011977924579079015, -0.0037536798015233956, 0.11409858168364098, -0.0030541011772247826, -0.023305354005565295, 0.027989529152278224, -0.04031086030490968]",False,Top 10 Cybersecurity Awareness Tips: How to Stay Safe and Proactive
https://www.cisecurity.org/insights/blog/11-cyber-defense-tips-to-stay-secure-at-work-and-home,1058,72,55.916666666666664,password|cyber defense|don|authentication|cyber,"[0.23657454565026703, 0.3298751839786317, -0.141167018948413, 0.047885888625422104, 0.28492545605698516, -0.008862113384030415, 0.022845526744490387, 0.001907614002200859, 0.12913627628357982, -0.13292206560340725, -0.10126499414524696, 0.08605817011834703, 0.19036149625438553, 0.10275555562985841, -0.11130606964711856, 0.02198902177172232, 0.16359546720729531, -0.05766837725452861, -0.08323325243411943, -0.025722877513936426, -0.06802418213626849, -0.0010465889377827583, -0.11300556434976948, -0.16950089217748346, -0.02372248842220601, 0.04445192674312321, -0.12568525239537315, 0.39790472313373854, -0.13619705496398038, -0.24476878997966245, 0.07824172345190067, -0.01755259061760916, -0.0016802953673035529, 0.1928353942034534, 0.31661748327918704, 0.0911613866024811, -0.00951583485777591, -0.2681491235001643, -0.15987459528892922, -0.08444490304463342, -0.04549802888497471, -0.05295898350433327, -0.02560308757136146, -0.09804239529930181, 0.031542773881761875, 0.026148954686803137, 0.0094280126522488, -0.05494155548312024, -0.014557216377935837, -0.013480327813714237]",False,11 Cyber Defense Tips to Stay Secure at Work and Home
https://www.cisa.gov/topics/cybersecurity-best-practices,826,27,10.0,cisa|cybersecurity|cyber|cybersecurity best|practices,"[0.1346733378338623, 0.19549115034798206, -0.09236449552102825, 0.005454195842122996, 0.21993955608265942, 0.0022156712492765016, 0.028290988340946503, 0.02598835895943863, 0.09850559996675816, -0.1697883564555984, -0.24723317483530952, 0.03655060107987325, 0.5970578811885802, 0.30475467363468556, -0.07885828987238107, -0.004783651108793718, -0.09786256481021925, 0.017092638083770505, 0.012118612543242644, -0.023028119143933417, -0.061808978187301494, -0.013956117096622539, 0.08768097432115536, 0.03837133269684767, 0.015220982163702405, -0.06212366261688997, 0.011851913216925242, -0.10026202438411111, -0.01468123377681212, -0.0032742757703869293, -0.08047555110140962, -0.0010524546933885156, 0.03645247208515728, 0.036151127731665976, 0.12099267337497557, -0.025301365635685885, -0.0058500417296376665, -0.014062697753187496, 0.3770831404759872, 0.18847338780021045, 0.028979402983600355, -0.018148904050719263, 0.2466544614719064, 0.1480080101202148, -0.014896631325855851, -0.03433576023647311, 0.0015590625637171291, 0.030966640253165652, -0.011505567276337898, -0.0032217063247307865]",False,Cybersecurity Best Practices | Cybersecurity and Infrastructure Security Agency CISA
https://www.qnbtrust.bank/Resources/Learning-Center/Blog/7-cyber-security-tips,0,0,0.0,,"[0.0, 0.0, 0.0, 0.0, 0.0, 0.0, 0.0, 0.0, 0.0, 0.0, 0.0, 0.0, 0.0, 0.0, 0.0, 0.0, 0.0, 0.0, 0.0, 0.0, 0.0, 0.0, 0.0, 0.0, 0.0, 0.0, 0.0, 0.0, 0.0, 0.0, 0.0, 0.0, 0.0, 0.0, 0.0, 0.0, 0.0, 0.0, 0.0, 0.0, 0.0, 0.0, 0.0, 0.0, 0.0, 0.0, 0.0, 0.0, 0.0, 0.0]",True,
https://nordlayer.com/learn/network-security/basics/,2188,181,63.73480662983425,network|security|monitoring|access|devices,"[0.25556793315767523, 0.6153928005630634, -0.30176051983597557, -0.13683748148931493, -0.10496915238579119, 0.04476115605002468, -0.11353575949732116, 0.05369985461343477, 0.05780023695532606, -0.10726231841504769, -0.21243832114833006, -0.09169603481400711, -0.2171295438017581, -0.12380592622124079, 0.07747655609637018, -0.014571761644071113, -0.04730658279439527, 0.025457995659853926, 0.032647182253272844, 0.01573761090268017, 0.03607819050723855, 0.018572477203603516, 0.045212480947937006, 0.017696092866079958, 0.011907909542372318, 0.007018289791029759, 0.024255757728262776, -0.060850122256849846, 0.012766198453236033, -0.07108270780843005, 0.06276456157471809, 0.030435702495212828, 0.04756462662425298, -0.008042385336431819, -0.033086897162892266, -0.001175369657463971, -0.030860689795392828, 0.004250574391695216, 0.03782541282701897, 0.022850926411175237, 0.01770829556104642, -0.052586929129037625, 0.0012008218240219088, -0.023841032017292468, 0.03833613474370768, 0.039869069365838124, 0.030731747553306134, 0.03861972058231452, 0.0625041631717819, -0.11321807569388606]",False,Network Security 101: Understanding the Basics
https://www.fortinet.com/resources/cyberglossary/what-is-network-security,4970,247,39.635627530364374,security|network|network security|cloud|access,"[0.27079838039801724, 0.663686168995475, -0.36359104438587847, -0.13799748227952977, -0.05986883188155226, 0.03931124906448589, -0.12317078280096995, 0.04424964693593843, 0.02983238136385902, -0.09125948668016491, -0.1925006199898451, -0.1305076945214316, -0.12798382183243887, -0.0866037120264122, 0.07331266999659006, -0.01335270344848324, -0.057274555776270455, 0.017649463026590848, 0.02909374759833257, 0.006163730409228938, 0.020963212086014895, -0.0042751375703010104, 0.055040614407434865, 0.037246279606907774, 0.014551532626690825, -0.010352336480589433, 0.00912559857439619, -0.07401932043866966, 0.0026127249341516205, -0.04569519535209627, 0.06660411496220553, 0.03167892498835641, 0.05103267314097412, -0.031224364743304527, -0.044146514282889224, 0.007469055042987914, -0.0088372275156449, -0.016128513759531428, 0.015391338696163838, -0.05172874798731052, -0.008479854463664385, 0.08662355749367859, 0.012906982040610618, 0.036697822546356375, -0.02532913465098231, -0.05008096818368863, 0.03904138496217797, 0.01122296148536408, 0.05313257647563635, -0.055348069763078885]",False,What Is Network Security? Definition and Types | Fortinet
https://www.cisco.com/site/us/en/learn/topics/security/what-is-network-security.html,946,56,49.32142857142857,cisco|security|network|access|secure,"[0.22454005216563705, 0.5416486343186331, -0.3176077606830143, -0.09118047668594766, -0.014576388741396919, 0.02861634503876958, -0.17312631128782074, 0.026275756390448327, 0.048418550169062116, -0.11391429959462523, -0.24645517033386222, -0.11688716269782243, -0.21729020223139664, -0.12310206281891374, 0.0678894693075382, 0.013153401535496987, -0.021093708619837732, 0.05477512332404075, 0.04255332111037042, 0.009050806286007277, 0.030838237379196394, 0.022526256280714252, 0.06187156311861382, 0.054649886995559935, 0.01740196062715843, 0.014827952460919235, 0.02348382367911635, -0.07375868510858907, 0.025416986889013986, -0.15487021467762296, 0.14314047320815412, 0.07852905525146855, 0.026543545117321127, -0.020070447320644214, 0.017589613066669216, 0.0044482169981785976, -0.002202850924911817, -0.05526270108541686, 0.038521723178085276, 0.09771749935516288, 0.01295506015948094, 0.010732470460902248, 0.05269704051488077, -0.025592428767152668, 0.15084619899875937, 0.3525680009834245, -0.09597589032211357, 0.08207449380366731, -0.1255363028816793, 0.15732106836378817]",False,What Is Network Security? - Cisco
https://www.trendmicro.com/en_us/what-is/network-security/network-security-basics.html,2011,90,32.96666666666667,security|network|data|cloud|encryption,"[0.2866069226916204, 0.5968755459704954, -0.25713084446741313, -0.0786182666354328, 0.04961508743370097, 0.03985163837023823, -0.13817874620612067, 0.06378412422284953, 0.08650775775075248, -0.15044733385549922, -0.2742494365123333, -0.09728415130164947, -0.07515457223146804, -0.09072047799505234, 0.07735608138672323, -0.004630630116107403, -0.028142153287983494, -0.0210254178724694, 0.015585311922143082, 0.0024871616206552857, -0.00011849271959967278, 0.00412431488940345, 0.023428661442911503, 0.03756782006043212, 0.02094099548421318, -0.03992180237777167, -0.018625676822658876, -7.601681318930624e-05, -0.0030924205042914587, -0.033413072884992505, 0.0715150806733434, -0.00613649448441695, 0.07039925331534783, -0.052468857969672336, -0.03747981357719146, 0.020207792501803528, -0.04231898531650067, -0.05239730732584751, -0.02455736096740349, -0.15740067530170418, -0.02130615321732031, 0.06842985397412607, -0.006771676395277575, 0.06542656581496427, -0.2105147951426312, -0.35762751734289333, 0.07279496259775142, -0.048284401734810335, 0.05667583535434705, 0.017291525013408006]",False,What Are Network Security Basics? | Trend Micro (US)
https://digitdefence.com/blog/fundamentals-of-network-security-in-computer-networks,21386,1404,54.30341880341881,sony|security|network|data|encryption,"[0.18112945790782917, 0.4121133685833712, -0.18737617145228466, -0.05051391149282031, 0.11049351792135423, 0.0029232568557373737, -0.09666799652292264, 0.07220199125688577, 0.05142466317715406, -0.12255988684346113, -0.16082168896606377, -0.059184961581444, -0.15701159213429383, -0.08500185350036203, 0.08880718760940642, -0.05046085437088574, -0.05298659948263377, 0.07755009862842228, -0.0028527905406063856, 0.00908758340137079, 0.023013922466170175, -0.019329608375827013, -0.04530736008793915, -0.0940107230021896, -0.028737045002368226, 0.056952417717068424, 0.01480395087713641, 0.06500892369080616, 0.07042175141655055, 0.45855176793639285, -0.5302907833218209, -0.2254721534453799, -0.098834055255846, 0.08217829570982486, 0.1770561967024432, -0.03956424620443159, 0.06412336091383437, -0.04759652245966166, -0.009529726060691418, 0.008045328879200061, -0.018580121081392873, 0.0073256981303692495, -0.06657583574992625, -0.03440932008113391, 0.027983683442415835, 0.05117148087469429, 0.0013327489148990989, 0.016060989075542376, -0.006169762782519891, 0.007245195547623629]",False,Fundamentals of Network Security in Computer Networks - Digitdefence
https://guardiandigital.com/resources/blog/guide-on-phishing,2009,145,58.43448275862069,phishing|phishing attacks|attacks|email|protection,"[0.209179134830481, 0.2740573796227314, -0.15558902731333038, 0.0518547584927477, 0.608600064847656, -0.20488319663185373, 0.27759071622501863, 0.09463866075044226, -0.11862732614320337, 0.032275126160800194, 0.14025578754692614, -0.02754449430118145, -0.22319965625903737, 0.015274948098890724, -0.09787351933739599, -0.013268970460137962, 0.038412131808804845, 0.02052444709377722, -0.005058585025853655, -0.0005022979259501141, 0.022368617651646685, -0.019850175640544837, -0.017104950680716262, 0.0379865936815423, -0.04840555509152524, -0.024903821117274155, 0.03338643511998432, -0.040603352355750896, 0.005684272494306877, 0.0325167653364802, 0.10918093847569058, -0.022566305605318932, -0.30221297741520026, -0.015280636019389508, -0.04079395317094767, 0.05949239724634862, 0.0014203938354496967, -0.036463936237150545, -0.0363710524109282, 0.08703667224411445, 0.004960286042369678, -0.05319820957703787, 0.09659047010165696, 0.017389328434051495, -0.03732134438148532, -0.04842585987966711, 0.03686990302913079, 0.02189121808774171, 0.003657918529050671, -0.011791852558307654]",False,Phishing Threats Explained: Detection and Prevention Strategies.
https://cofense.com/blog,189,5,10.0,phishing|october|2025|defense|threat intelligence,"[0.14261755546112245, 0.20202649096328018, -0.0411051986967081, 0.024504814499976626, 0.5468187142730181, -0.24889397610605657, 0.2779737786834539, 0.015803095065652983, -0.1284289438060083, 0.1006352168454053, 0.16102806310795334, 0.021570604055466677, 0.09914342735188915, 0.0190051369085536, 0.088396667654519, -0.05209867092024648, -0.1341481279259286, -0.020677504458580152, 0.047528002274717714, 0.012714409411460525, 0.006403636900757024, 0.08188110123738769, 0.08843721782272478, 0.033643161050440254, 0.0223728805270419, 0.02269968509802634, 0.050813457292361704, -0.03204789792938231, 0.05331158891772792, -0.08113141016982753, -0.0014410644708168709, -0.01233958998989866, 0.009015284147338591, 0.007452826135018378, -0.047463912581057706, -0.036342684465535555, -0.04258590684341608, -0.05926455734019675, 0.34717830661242005, -0.2931381650581775, -0.05541015041076624, 0.041950027135792815, -0.36983765860653284, -0.008864504593061989, 0.057097353814719067, 0.0864976252675742, -0.03325389352665485, -0.03074054596367516, 0.04838764966450653, 0.013519647402987597]",True,Phishing Prevention & Email Security Blog | Cofense
https://www.connectwise.com/blog/phishing-prevention-tips,0,0,0.0,,"[0.0, 0.0, 0.0, 0.0, 0.0, 0.0, 0.0, 0.0, 0.0, 0.0, 0.0, 0.0, 0.0, 0.0, 0.0, 0.0, 0.0, 0.0, 0.0, 0.0, 0.0, 0.0, 0.0, 0.0, 0.0, 0.0, 0.0, 0.0, 0.0, 0.0, 0.0, 0.0, 0.0, 0.0, 0.0, 0.0, 0.0, 0.0, 0.0, 0.0, 0.0, 0.0, 0.0, 0.0, 0.0, 0.0, 0.0, 0.0, 0.0, 0.0]",True,
https://www.phriendlyphishing.com/blog,23,2,65.5,phishing|date latest|copyright|privacy policy|conditions,"[0.06595797132576897, 0.0979423031987388, -0.061829770529901705, 0.034667535112127223, 0.45329318730916784, -0.1865475262823648, 0.2693089808935832, 0.04472283868663496, -0.13755878525281437, 0.09363744853558927, 0.22983045967960383, 0.006491163509686582, -0.1746087249654013, 0.05118391438317174, -0.043583163743446625, 0.05897944296280474, -0.08725554650962948, 0.04030232402270646, 0.05417714771170366, 0.00640352076545465, 0.007920572697748702, -0.029043793327310705, 0.10846329363932249, 0.025330065932421503, 0.06810374950116097, 0.04897269668241629, -0.0290945241728188, -0.11624201590714243, -0.06060098544771754, -0.05647462934036793, -0.1696399329602753, 0.021844714066139893, 0.6252041248030799, -0.05312504336877828, 0.1373394678237873, -0.06269468734372338, -0.017905685877637943, 0.004933449399437602, -0.16683655890537527, 0.08059976216237899, 0.059705381971871765, 0.0033531445558626, 0.06412390060658012, -0.0015953128508320539, -0.01026125760299378, -0.025864872008669885, -0.017043399952361635, 0.002194327221964332, -0.03307045800893804, 0.005108583240704596]",True,Phishing Prevention & Security Blog - Phriendly Phishing
https://inspiredelearning.com/blog/phishing-protection-checklist/,1283,59,34.76271186440678,phishing|phishing attacks|attacks|elearning|scammers,"[0.19598402712714993, 0.2560483242671257, -0.13667469693481746, 0.055911143522981405, 0.6161116223504903, -0.23067678889036394, 0.2844387330197374, 0.12070020838405268, -0.15164156697309042, 0.027046165729959135, 0.1397516913925459, -0.018367864252929127, -0.1763402194457259, 0.037017505649808026, -0.13407930756419523, -0.0008817621431102503, 0.027318324727493164, 0.026926479498132934, -0.056326065255619916, 0.009033660475191295, 0.013264939718980486, -0.026407098354663153, -0.09637622068809766, 0.044202217156565984, -0.04781068857297644, -0.04275105470638244, 0.045074521464027274, -0.06674851658229962, 0.015379121756843125, 0.07503817152033869, 0.09528124211824553, 0.028919291152171386, -0.22015114091391122, -0.004284461725358497, -0.04815628378046992, 0.026067187931127462, 0.02644695342399845, 0.04415900914464647, -0.08002179601693334, 0.11120829617881843, 0.010947861502991178, -0.03142392055053508, 0.1343108726183555, 0.006134243145543107, 0.007308689658454716, -0.03348724347833399, -0.0026790544788575085, 0.006027155735733731, -0.005055502081965321, -0.007369711528402824]",False,Phishing Protection Checklist - Preventing Phishing
https://en.wikipedia.org/wiki/SD-WAN,3661,248,55.71370967741936,wan|sd|sd wan|retrieved|network,"[0.15880028243939173, 0.3166582110297937, -0.17159646866607975, -0.18865261066666733, -0.5262956633633596, -0.09834005331240206, 0.6270156986649893, 0.0031933558527683236, -0.04243413426276123, 0.059897999497428515, 0.08602821614496418, 0.08017825053358694, 0.06484093955393236, 0.06078654874374758, -0.021360924216862174, -0.009021543067263996, 0.0027934335211931417, 0.040774326650273016, -0.012595494515374239, 0.003038552805969613, -0.00430593560450454, -0.006055918126254471, -0.02033055569510685, -0.0007022977652753001, -0.0018671836826351814, 0.002712097170616888, -0.0027709328076016464, 0.03631758312915157, 0.012867746344098579, 0.012991433630120933, -0.018193158083923286, -0.018497683287157788, -0.025224025442701015, 0.011916344112247922, 0.015646569017374858, -0.005235485576783762, 0.005681091807395534, -0.014741530130176282, 0.0002356708570890939, -0.000988862394025701, 0.002339709973457838, -0.023556278823443466, 0.02128811911572996, -0.012098769486421173, 0.01843905773102401, 0.01800113556268115, -0.011824240211766144, -0.03426965968613614, 0.005679010799200464, -0.0071449620013633456]",False,SD-WAN - Wikipedia
https://www.cisco.com/site/us/en/learn/topics/networking/what-is-sd-wan.html,555,34,51.029411764705884,wan|sd wan|sd|cloud|mpls,"[0.16038586581579212, 0.3744692298678808, -0.2192099175837857, -0.18152795267165658, -0.4548912127368061, -0.015647703204078597, 0.5684854914984342, 0.06270063596991048, -0.005635980236543291, 0.010679365439156404, 0.07017924095613938, 0.030768006698608068, 0.03653055255895305, 0.02198930522658704, -0.02638204793412224, 0.009351770730809054, 0.024474162788513935, -0.07436322226991378, -0.005060269318039986, -0.01031435321157152, -0.010252339991184559, 0.0022156788139092495, -0.007150770747507191, -0.02266594366275899, -0.003757690251873569, -0.0028440899415433014, -8.937794680943026e-05, 0.0060418428006343205, -0.01820398757117743, 0.008236287051117647, -0.001278160489596397, 0.013910883783146895, 0.014594365276391115, -0.01434873306020484, -0.013694349012601062, 0.000958178186882007, 0.00033869533993443934, 0.031437300564614336, 0.0012326497754118534, 0.016447347279654863, 0.0037239133125416416, -0.021660683734093533, -0.04974565666947444, -0.002843841715673032, -0.02396576077011261, -0.03262472199643582, 0.004885124590224931, 0.012077378392205103, -0.040840011939427746, 0.035604791709194936]",False,What Is SD-WAN? - Software-Defined WAN (SDWAN)  - Cisco
https://www.fortinet.com/resources/cyberglossary/sd-wan-explained,3159,147,35.530612244897966,wan|sd|sd wan|security|network,"[0.13494037211369975, 0.34163673783577886, -0.24073261225152842, -0.19629757246956678, -0.5078250916222058, -0.03919778644716616, 0.6253569534175795, 0.058390997246848556, -0.02516179048899728, 0.038962116307247885, 0.09359655336879115, 0.04410681831617016, 0.055893600047690124, 0.04347157164532853, -0.03392793088711663, -0.0008541174905380431, 0.0171899695335339, -0.06278537080918117, 0.004954602752524975, -0.011516576358075336, -0.009527677786644963, -0.0061630307548670256, 0.010212546246574375, -0.010828425555113264, -0.010562400235981772, -0.015445086450270427, -0.012169095251335, -0.011493506984817327, -0.020034730213005957, 0.015535734041148818, -0.020663608558255362, -0.016096861039835906, -0.02834564407580596, 0.018823360256071602, 0.01897136450617349, 0.003989326549936212, 0.0022123061263628115, -0.01141653115084087, -0.012375084707409317, 0.0006705353390314332, -0.006458814366697563, 0.027874427927872106, 0.016691385585735168, 0.01266883256856692, 0.006118465207760307, 0.02035379943053912, 0.0012892704685384723, 0.027712888729337987, 0.02359740788373913, -0.007092604477875097]",False,What is SD-WAN (Software-Defined WAN)? Benefits and Components | Fortinet
https://www.hpe.com/us/en/what-is/sd-wan.html,0,0,0.0,,"[0.0, 0.0, 0.0, 0.0, 0.0, 0.0, 0.0, 0.0, 0.0, 0.0, 0.0, 0.0, 0.0, 0.0, 0.0, 0.0, 0.0, 0.0, 0.0, 0.0, 0.0, 0.0, 0.0, 0.0, 0.0, 0.0, 0.0, 0.0, 0.0, 0.0, 0.0, 0.0, 0.0, 0.0, 0.0, 0.0, 0.0, 0.0, 0.0, 0.0, 0.0, 0.0, 0.0, 0.0, 0.0, 0.0, 0.0, 0.0, 0.0, 0.0]",True,
https://remotedesktop.google.com/,208,9,30.66666666666667,remote desktop|chrome remote|computer|chrome|screen,"[0.09019302732468004, 0.1590205602316415, -0.04907155694562739, 0.057074652325402805, -0.019520943633223136, -0.06279876321724466, -0.1656427098110548, -0.15938242262817284, -0.1586378321548296, 0.14147307148966956, -0.09896463743511687, 0.7685736968946216, -0.0781203811464064, 0.011923607792508992, -0.024098019622160318, 0.009370548310819802, -0.004790527552894517, -0.0989340919823432, 0.02187096962497729, -0.015650940717777707, -0.015338067664956026, 0.0066586977089910186, 0.02106672784854553, -0.19501481493742817, -0.039996517675277836, 0.04492868922394356, 0.022159331071412235, -0.06590285103265371, -0.05726216050037215, -0.020328651278676703, -0.00827199712019883, 0.019903355933585432, 0.006414905263862918, -0.0021985389060401113, 0.0048842000151773715, 0.0005690121135946708, 0.004921300070910184, -0.003358279380945616, -0.011538901312536818, 0.029223860536261095, 0.018705716057991234, -0.07189317922178153, -0.024178871518043904, 0.017394101818014478, 0.015889658000845644, 0.016229405057262856, 0.09049270718380387, 0.3152498022965895, 0.252974721017321, 0.009180826535527136]",True,Chrome Remote Desktop
https://support.microsoft.com/en-us/windows/how-to-use-remote-desktop-5fe128d5-8fb1-7a23-3b8a-41e636865e8c,0,0,0.0,,"[0.0, 0.0, 0.0, 0.0, 0.0, 0.0, 0.0, 0.0, 0.0, 0.0, 0.0, 0.0, 0.0, 0.0, 0.0, 0.0, 0.0, 0.0, 0.0, 0.0, 0.0, 0.0, 0.0, 0.0, 0.0, 0.0, 0.0, 0.0, 0.0, 0.0, 0.0, 0.0, 0.0, 0.0, 0.0, 0.0, 0.0, 0.0, 0.0, 0.0, 0.0, 0.0, 0.0, 0.0, 0.0, 0.0, 0.0, 0.0, 0.0, 0.0]",True,
https://support.apple.com/guide/remote-desktop/welcome/mac,50,4,62.5,files|computers|computer|manage|control,"[0.06410609292401502, 0.09386681054429281, -0.006213275223653669, 0.07570593346565185, -0.008165067975672449, -0.011849312038346242, -0.061850638061458615, -0.06194426242919113, -0.10558005178791958, 0.051312156373339426, -0.12010853716176574, 0.44156473139594227, -0.08540068513325463, -0.02863451660077641, -0.03819228109736126, 0.022289237558932067, 0.028063691348235678, -0.28964792432313663, 0.029806030265722913, -0.06269093469759467, -0.04292066832542152, -0.0008015815682737612, 0.1306386986958595, 0.5922708145019078, 0.12033784808434597, -0.3827225453785218, -0.14851153917237794, 0.19325176048008086, 0.12027988661198982, 0.15000580779474484, 0.006908806967628758, -0.00621621726292459, 0.02244986080692308, -0.03880763818070218, 0.038158216486332545, -0.0029742609360222235, 0.010707568468992259, -0.05181433359863794, -0.01067599018689236, -0.03638203081533343, 0.0021493957028413235, -0.014229195076386548, 0.019592901060770863, -0.024063758827237425, -0.010656171726844675, 0.03253448685092467, -0.0446859710572217, -0.06934187420801412, -0.06789997358429038, -0.0014435140893537396]",True,Apple Remote Desktop User Guide for Mac - Apple Support
https://en.wikipedia.org/wiki/Remote_desktop_software,2244,134,49.76119402985075,remote|remote desktop|desktop|computer|software,"[0.1692772975694193, 0.2593606130613346, -0.0294037904591122, -0.007281741236838268, -0.06333770443488353, -0.14958777347835944, -0.15126308563195276, -0.18466662265270203, -0.17596027385773416, 0.11613005198694433, -0.16274236266902894, 0.6279312648943927, -0.10204367192288889, 0.06328166017978329, 0.026260449007304305, -0.015414711096486289, -0.07781883049093032, 0.16816227498853023, -0.001872026593152411, 0.028574273704521046, -0.0021148620843961714, 0.022610443948698624, -0.02292220443346732, -0.24917967478388492, -0.05397492822206667, 0.14731801311213077, 0.09098849329340984, -0.12442897498122456, 0.02908831643833215, -0.04635531250711619, 0.0031246499291668357, -0.0115350724780429, -0.043173999811580675, -0.01320764978951212, -0.037411452361868554, -0.002797497953781926, -9.660944842253602e-05, 0.02291091100419897, 0.0244246953768965, -0.014687011038212005, -0.029176114404554195, 0.10281975003388061, 0.04168497395351031, 0.010060781539430286, -0.04126027211629121, -0.05584626833714967, -0.09111691700033273, -0.2774240468962786, -0.2678572753634742, -0.002541209197013241]",False,Remote desktop software - Wikipedia
https://www.cloudflare.com/learning/access-management/what-is-ztna/,0,0,0.0,,"[0.0, 0.0, 0.0, 0.0, 0.0, 0.0, 0.0, 0.0, 0.0, 0.0, 0.0, 0.0, 0.0, 0.0, 0.0, 0.0, 0.0, 0.0, 0.0, 0.0, 0.0, 0.0, 0.0, 0.0, 0.0, 0.0, 0.0, 0.0, 0.0, 0.0, 0.0, 0.0, 0.0, 0.0, 0.0, 0.0, 0.0, 0.0, 0.0, 0.0, 0.0, 0.0, 0.0, 0.0, 0.0, 0.0, 0.0, 0.0, 0.0, 0.0]",True,
https://www.fortinet.com/solutions/enterprise-midsize-business/network-access/application-access,2424,83,12.385542168674704,ztna|fortinet|gartner|universal ztna|fortinet universal,"[0.12991545639787896, 0.287235471365349, -0.2333844839377735, -0.068848824052811, -0.07184458850454685, 0.06412852820423959, -0.3159786538178897, -0.13616480968094163, -0.07199411760516566, 0.2455870851608968, 0.50136938275468, -0.059570216803903404, 0.18665522333203435, 0.11287329005233314, -0.05561102956948317, 0.006183060846012121, -0.0019351665938867092, 0.012125392984629056, 0.008985165757459274, -0.00284614008357585, -0.0053774894600571764, -0.013675338727150432, 0.02625004157053162, 0.05835178234807514, -0.005594761889310084, -0.03011406558001214, 0.002971436336063835, -0.08174056294888984, 0.020370245853080775, 0.029366921181811705, -0.0090414747125977, -0.058173326153104804, -0.06356124977073956, 0.014622066395988684, 0.06422643134844962, 0.0606154072858713, -0.01848041496226894, -0.10552139258323733, -0.11838867034788064, -0.13310289095283642, -0.08570900933141179, 0.44720594211210474, 0.13736344636976894, 0.12104879580644214, -0.022087776851599357, 0.11716730113902002, 0.034207651856206875, 0.06318500715102912, 0.03856302434914587, -0.0051149726775336956]",False,Zero Trust Network Access (ZTNA) to Control Application Access | Fortinet
https://www.microsoft.com/en-us/security/business/security-101/what-is-zero-trust-network-access-ztna,2349,130,45.79230769230769,ztna|access|network|zero trust|security,"[0.18018409465213323, 0.48529642389269495, -0.3404307875510717, -0.10883170861049964, -0.08918433660618032, 0.09010235800724886, -0.43714569815834853, -0.12049771589779085, -0.06246627493517009, 0.19159815866203384, 0.39550552032294845, -0.10043190491171071, 0.0945005000987238, 0.07650516383065396, -0.053541209231078156, 0.006827633676490505, 0.004993943218329322, 0.006654998988653151, -0.006446438498448575, 0.0010283597766974277, -0.0007846985212928531, -0.0021894210201824542, 0.0008972356676322315, 0.024203993899773225, -0.0006990390974845411, -0.007534013343927156, -0.00418264056798869, 0.01693016227805142, 0.0037867816165618093, 0.010483228178202105, -0.00959861872622147, 0.008567444726916722, 0.0038162189089321306, -0.0014118115006514682, -0.007726561716901386, -0.013928997624237318, -0.0016391881740341816, 0.024313933978508805, 0.045905466279163754, 0.07293108375406132, 0.04621593905135268, -0.24156134938157126, -0.06753841098011899, -0.0636714738294784, 0.015048962082356782, -0.0575922501330558, 0.0031400851122024907, -0.018650704150471424, -0.0039994511006997795, 0.0036155774684223205]",False,What Is Zero Trust Network Access (ZTNA)? | Microsoft Security
https://www.zscaler.com/resources/security-terms-glossary/what-is-zero-trust-network-access,1715,109,52.79816513761468,ztna|access|network|vpns|users,"[0.18167251090123135, 0.4565734382729328, -0.34208277052724295, -0.09775766777809744, -0.11709611465236275, 0.08383972456830346, -0.3994725314953527, -0.1454025557249608, -0.07505047264388762, 0.22724186326944018, 0.4334812032270102, -0.04660317807635143, 0.1261648074683472, 0.0823233370798607, -0.0688983550230387, 0.00935430679242465, 0.020406725903470535, 0.0034806160403543034, -0.010716952731372171, -0.002051102661930115, -0.01092051592246332, 0.0068652357582123, -0.007853344380927638, 0.016745684038173822, -0.0009753940623878481, -0.006887735558102768, -0.004128859546356841, 0.024249887066857802, -0.009982203082100096, 0.004325988847253337, -0.01720138855815407, 0.015863787364644097, -0.007774697853169819, -0.0021226177416380342, -0.016188145597193383, -0.019428570949088387, 0.0044728879262464, 0.04772372437823221, 0.03229192912311708, 0.07192624789922422, 0.037886410058776986, -0.22549380724786608, -0.06624354381341838, -0.0456444056250471, 0.008255558590756752, -0.06706435273650152, -0.03430931403850011, -0.061634556918354406, -0.047815883298033296, 0.012257070990064865]",False,Zero Trust Network Access (ZTNA) – Benefits & Overview | Zscaler
https://www.efax.com/,1468,84,47.57142857142858,fax|efax|faxes|faxing|online,"[0.12792455609332265, 0.15572857830268644, -0.11691207071984931, 0.8048794367823703, -0.1480765090608225, 0.01740549669371488, 0.018588692793414064, 0.04584338286093321, -0.037615567739369166, -0.010543155166171074, 0.008510398819518452, -0.057509996692458064, 0.008144336655009545, 4.23977624946355e-05, 0.017895899398341814, -0.00906300662129932, -0.012972212452696094, 0.019481098233040367, 0.006731547834936876, 0.0020622330733557114, -0.005635615946804666, 0.012071680211419722, 0.0073814350250973, -0.022759878495709082, -0.008435889530750995, 0.0034156646402453018, -0.01964032963140478, 0.0016148227991534187, -0.011931722208187778, 0.013410845418365368, -0.003551104317654372, 0.003313460900457149, 0.0022898461507620395, -0.012043108111635526, 0.0011190748871996697, -0.008769104333316409, -0.004257526900056771, -0.016964483495189225, 0.0009037782743426197, -0.032838919170157875, -0.006023406907902328, -0.013108405891367709, 0.00046564871439628186, 0.023644245662651227, -0.032832870255826735, -0.0879959195312995, -0.253275045230184, 0.06525690518039773, 0.06441345544431072, -0.06325432784049506]",False,"Fax Online with eFax | Secure, Scalable, Enterprise Cloud Fax"
https://sign.dropbox.com/products/dropbox-fax,789,39,39.30769230769231,fax|dropbox|dropbox fax|faxes|sign,"[0.10003445554775438, 0.1109658718905327, -0.06625412042925433, 0.7900640590517136, -0.14289021865691673, 0.03131534424886764, 0.04195884370970334, 0.03188409693700889, -0.06288857143271671, 0.009082130664231603, 0.011634773770705395, -0.032089441686995394, -0.008644307927129502, 0.022088076845776895, 0.0028444022801820037, -0.017642843125559072, -0.04173915449474785, -0.003795485096647887, 0.014337106641475134, 0.008776371622107045, 0.01593777339841728, -0.010046123556900353, 0.012637030365868104, 0.00043336520419224456, 0.007930639379169583, 0.017857822486456443, -0.030048426978074003, -0.0313772400875724, -0.0005958046882358527, 0.006165449378083448, 0.005704937817295806, -0.00067863816704644, 0.029276058991141683, 0.009487055064459715, -0.008939934869701778, 0.007841444584434467, -0.00505593316196792, 0.011136744005192961, 0.030709055521155455, 0.024828785154507177, 0.039779291612805995, -0.008712517688031867, -0.026818361484908033, -0.005118960330666033, 0.005394915255491222, 0.0936633236101076, 0.5021024275359396, -0.1050089772939094, -0.07263219495737218, 0.03333128732402735]",False,Send and Receive Fax Online by Phone and Computers - Dropbox Fax
https://www.fax.plus/,344,27,61.77777777777778,fax|faxes|faxing|fax plus|send,"[0.11519614076898729, 0.13953359055717418, -0.12005453773368421, 0.841027117341298, -0.15416349087830958, 0.010117772263388326, 0.017059130565185203, 0.029537880624240332, -0.06249059798466933, 0.002040862460404741, 0.004051573076499299, -0.01941865206187685, -0.013053020090258372, 0.004594248968676184, 0.01059278531898345, -0.020571323533141818, -0.03689177735814647, 0.0021683371672715844, 0.004705653124359932, 0.0009815089645116458, 0.006760858790257367, -0.0015457509299648896, 0.007762534380437257, 0.0029204708136686885, -0.0061778386380073776, -0.01078058415119033, -0.014620898874807192, -0.014293143058276878, -0.005762078609885611, 0.004325351478802093, 0.014036182536597608, -0.004076300371722512, -0.01770603896641777, 0.01101001946503658, 0.011803591317305179, 0.006234645285211172, 0.01453410263709999, -0.020614789846865954, 0.003859151527660624, 0.014397339875965663, 0.012177604883287441, -0.015485007947447135, -0.010015360272809987, 0.0038708174187290605, -0.011752612704116797, 0.03406920795143784, 0.004645872851398691, -0.02753912328559658, 0.013290093759672654, -0.00691822203489807]",True,Fax.Plus - Best Online Fax Service | Send Fax Online Securely
https://comfax.com/reviews/free-fax/,5213,243,35.641975308641975,fax|free|faxes|free fax|faxing,"[0.13561765694770733, 0.12644003939713974, -0.09838277204821287, 0.8184753069025924, -0.13376539408573282, 0.017675248986128492, 0.047649407612395375, 0.017496360768288508, -0.004633338809374663, -0.006352772934284313, 0.014668196503357432, -0.06682246779710294, 0.010403633005469043, 0.016907957988801074, 0.009687544485492134, -0.002588912796000584, -0.03864653905287943, -0.0036634128927019254, -0.01594105172420955, -0.002279826949535446, -0.0008017045570283796, -0.01225557501137915, -0.03342433184502645, -0.0037635491889793983, -0.006960656447865066, 0.03740692929551112, 0.01877709908715746, 0.001395205793757969, 0.016025128930088027, -0.022891606798448358, -0.01739429754156063, 0.009179894144885488, -0.009215172253305358, 0.0012827855953791063, -0.012376475005931978, -0.012047765294540491, -0.013233479471825514, 0.019138367360861854, -0.019042456861221226, -0.013281794948881253, -0.042910011665640645, 0.03460082040536705, 0.027600124779945556, -0.017862506175522833, 0.045795181400863826, -0.03920303748766559, -0.24155663233007088, 0.06070709056916853, -0.010905689689850994, 0.02897232500019998]",False,"Free Fax Review - Top 7 Choices Reviewed and Tested, 2025 Updated"
https://nytlicensing.com/latest/trends/content-marketing-best-practices-2022/,2914,156,43.96153846153847,content|marketing|content marketing|audience|brand,"[0.7067854504662926, -0.29588740299202304, -0.11020516876274457, -0.04353705611395554, 0.08536453925050083, 0.43031080960278656, 0.10422281633137342, -0.10499843638516561, -0.12323465367214007, 0.05952553754017038, -0.03912054270450668, -0.0078068488774241255, -0.03717960796010437, 0.039239855906043376, 0.031020217540308526, -0.021840787308047956, -0.08934903364845483, 0.04764049129711737, 0.01572352696407984, 0.006061571631841671, 0.017880193022005875, -0.006879818301472987, 0.03502317912571247, 0.01273741219424742, 0.016305124026136316, 0.021837176767421036, 0.017150610069632588, 0.030526599747094235, -0.06896471058410787, -0.00771954641091368, -0.01400036931101703, -0.02127911405421301, 0.05579697872642235, -0.0012614540974256257, -0.01125409231098606, -0.023875882912291778, -0.018628119281486884, -0.012200967415145165, -0.017450620842812948, -0.006572755540516365, 0.0007278194756850657, -0.024744708392298004, -0.006795365353228458, 0.039047984293994115, -0.05236861839913135, 0.026331045790148604, -0.012618520421435554, -0.014405864134697792, 0.020954768619217187, -0.019619546544796647]",False,16 Best Practices for Content Marketing in 2024 | NYTLicensing
https://copyblogger.com/content-marketing/,6290,296,36.25,content|content marketing|marketing|audience|podcast,"[0.75440059691991, -0.3205964979806042, -0.0989358123244248, -0.040851842295040686, 0.04825888849431457, 0.33879706115503877, 0.05550117626659464, -0.022775616078451504, -0.10976606045473908, 0.0842535648271554, -0.049000974280252595, -0.02166535857141797, -0.036524955677684656, 0.056703964454227485, 0.0490376195785434, -0.025385909224816303, -0.04585695960413439, 0.026518610997186658, -0.0016331586191853358, -0.0005737133080549469, -0.001419097077616563, -0.025324966742374184, -0.002470921352154266, -0.03539546382078405, 0.030067677781010573, -0.02993394429643143, 0.02536802318674809, 0.03565427239931116, -0.0015376201475642488, 0.030623527117352417, 0.027780974331070577, 0.03244450381679407, -0.0061240923217310275, -0.05380168000999502, 0.022297664548001608, 0.03559312001394293, 0.01416593462450447, -0.00676714640634362, 0.008442571770472976, -0.009665813368179722, 0.002936348463050076, 0.026298755638419415, -0.003423779181211032, -0.03831631223199474, 0.09022406362642973, -0.0492928613900317, 0.01768373470680816, 0.03717437123530295, 0.01955196093784692, 0.021940572282437093]",False,The Complete Content Marketing Guide For 2025 - Copyblogger
https://www.twilio.com/en-us/blog/insights/content-marketing-best-practices,5740,386,55.388601036269435,content|marketing|content marketing|best|best practices,"[0.7019336581211879, -0.23792285609840774, -0.08261579918032065, -0.013557398357330218, 0.11251475334064884, 0.41211305668947196, 0.11971004492080346, -0.17501620787040634, -0.0733491982509087, 0.03771121914896199, -0.04602794990403659, -0.00915363809113216, -0.005645360000364822, 0.021592063969016844, 0.01976011635495131, -0.028029971975183903, -0.025672170532218114, 0.007957392072983547, 0.01825770638597552, 0.003012681529837149, -0.00029292401681357957, -0.008709358674922214, 0.02956868826532585, 0.006214078843586331, 0.004913230781069266, 0.007855913413840345, 0.008313753801280886, 0.05629147524791563, -0.07307989938617926, -0.018686419699569856, -0.0019735162596110473, -0.05526111283558463, -0.05167189516427749, -0.03192452278293276, 0.003693031096010473, 0.0066622106399505925, -0.012839404241359268, -0.022130243552173412, 0.025946169916520483, 0.04838800765347597, 0.00473618909942268, -0.0010839908490539497, -0.02216618902635969, 0.04957072056472504, -0.05573472093304889, 0.0038647292407800416, 0.01190258230535934, 0.006754301975846592, -0.007118606287081911, 0.03572151694248214]",False,40+ Content Marketing Best Practices in 2025 | Twilio
https://www.akkio.com/beginners-guide-to-machine-learning,21292,919,30.494015233949938,data|learning|machine learning|machine|ai,"[0.3672926111908905, 0.3797062374832438, 0.5415165569978857, 0.018472766334330842, 0.03123413590541487, 0.20346950627163052, 0.01639028778751424, 0.12732324073956494, 0.057972299870403934, -0.0010853340493355212, 0.06503311900892862, 0.001121976628483791, 0.020017724411362386, -0.07025332565712988, -0.12811911783542043, 0.053289013377668074, 0.07577428471182583, -0.1290011394353451, -0.0002237269152874536, -0.024071082678835815, -0.029665746745245473, 0.006581400982202039, -0.022642416358573482, -0.13269925360895599, 0.012079906862458864, -0.011436950051957875, -0.0038748448673556514, 0.01884115725364797, 0.08123328963161289, 0.09860630333620525, 0.014170008871649686, 0.012656444712907555, 0.03589290245727399, -0.09459280892131007, -0.06049191092054961, 0.002776858306353735, -0.07356318463384227, -0.055396841060865065, 0.01403254695761126, -0.004725424855204863, -0.011020386173817997, -0.006088312048166302, -0.007872314914785855, 0.034205961198681675, -0.04917997952378155, -0.053355714857963935, -0.017872635430397923, 0.021733775227337198, -0.023718099823421275, 0.43991445173169136]",False,The Complete Beginner's Guide to Machine Learning
https://medium.com/@amitvsolutions/machine-learning-101-the-complete-beginners-guide-to-machine-learning-686a30cbcf6b,3190,148,35.33783783783784,learning|data|model|machine learning|click view,"[0.21477889540284362, 0.304689814855256, 0.5088832651246481, 0.008835104145083974, -0.0014266591781290192, 0.1933365492705427, -2.837847063701049e-05, 0.1432701383968224, 0.06400931105847495, -0.031451336041349066, 0.07915982719276334, 0.002830923265854584, -0.031653595890817204, 0.02910021038937576, -0.257142944697133, 0.06401042135270898, 0.006483311054396645, -0.10553622474593688, 0.06645133583369026, -0.00232304382164311, 0.02158728353446094, 0.08193080434593669, 0.029760518891289084, -0.13806971718764421, 0.04768760793109004, 0.046746867419694686, 0.046151456464618656, 0.10119893615941655, 0.17257134396674614, 0.10499306992224601, -0.010279597492924798, 0.01529904963752519, 0.06463818405009883, -0.10700255209472155, -0.12231289757486398, 0.18965373357456114, -0.3694419155146201, -0.11142784689527212, 0.08275654688998141, 0.0462199706155431, 0.020233439225696034, 0.029228081548058622, 0.007873112684228446, -0.12838146132323872, -0.09380777496485844, 0.05420159182479585, 0.005732919140566502, 0.11971099952730219, -0.13167436884804096, -0.2546528384469366]",False,Machine Learning 101: The Complete Beginner’s Guide to Machine Learning | by Amit Verma | Medium
https://realpython.com/tutorials/data-science/,521,19,17.73684210526315,data science|intermediate|2025 intermediate|science|intermediate data,"[0.0844145023016416, 0.142237134961603, 0.2016451133229707, 0.003594555751653461, 0.07024673721052811, 0.10501030722025093, 0.03950537525452949, 0.13625568020334258, 0.2586512073862737, -0.18870438505247272, 0.2702722712542453, 0.17079907075156917, 0.023309752093708287, 0.04086605929937364, 0.4297391929255471, -0.17380902628289693, -0.14411618325685593, 0.12020212778462426, 0.03633004370864763, 0.016676088225821895, 0.013575794550903887, 0.002188430079576532, 0.09011948472715843, 0.02801951690376205, -0.14898116013631513, -0.181421059274343, -0.21069088160650806, -0.03134677911381686, -0.11978690874746956, -0.23393488982149233, -0.2618284119701743, 0.22041224976160234, -0.15692704325095255, -0.14064090211319943, -0.017892167441872397, 0.027834914193551722, -0.053141235541549516, 0.006811416580422329, -0.025370655703037863, 0.13501216884436384, 0.021402116334514623, 0.08847004741853122, -0.013420911499661162, -0.22684119762068766, -0.10448202066618426, 0.0028567840521588404, -0.003708731084527594, -0.025607636311078357, 0.04010247235562384, 0.02627680755128603]",False,Python Data Science – Real Python
https://www.geeksforgeeks.org/data-science/data-science-with-python-tutorial/,488,11,10.0,data|plot|python|data science|data visualization,"[0.14366614747817588, 0.2588545135691791, 0.37536565056780324, 0.006568854514072639, 0.03149510586499003, 0.21907451581063894, 0.013707725963913661, 0.21289958089863545, 0.29294710540123514, -0.24054781352979931, 0.2828368253351011, 0.19497792089903535, -0.058831278995271546, 0.04125741964112296, 0.24662593429173427, -0.09830317230933068, -0.028595777733963802, 0.061847664219682685, -0.031795871558823484, 0.006014220854859752, -0.005208360011226856, -0.0256478010716596, -0.045650439727090604, -0.004075581862914373, -0.0309445420512931, -0.046417157553293883, -0.049185212399977876, -0.018638887357124004, -0.03843110510123362, 0.0447644743996275, 0.021479694386114318, 0.018238686303979682, 0.017439687006922073, -0.04751355731389779, -0.030372210260126216, 0.032807220205956236, -0.025892672721979242, -0.03608159635012898, -0.09654738596067253, -0.1256681269253272, -0.0418857932221992, -0.1714313668265334, 0.006506099609318189, 0.43432931415573595, 0.23441266692983656, 0.003159171480192564, 0.009074166585255424, -0.010364547090228021, -0.06833684478141425, -0.09270392310781252]",True,Data Science with Python Tutorial - GeeksforGeeks
https://jakevdp.github.io/PythonDataScienceHandbook/,329,10,10.0,depth|numpy|pandas|data|python,"[0.15579290121290712, 0.19871461990372305, 0.33429189609640414, -0.0011585925614422269, 0.008438944982364792, 0.23117759278445354, 0.009874952106339424, 0.14783895367111774, 0.22869116377779677, -0.19580409756427464, 0.2565608888713268, 0.144122504343045, -0.08158806059109458, 0.09186215813448785, 0.1504163178987464, -0.07124067390970651, -0.10796261183919892, 0.05044374376010469, -0.01262983553036267, 0.009147725494834955, -0.0035707277585177145, -0.018805291543080176, -0.030260467086822087, -0.016272939714221654, -0.0003264501866220062, -0.0539220714539771, -0.04280345427322811, -0.13078925419148948, -0.030326609542262517, 0.16587590790342877, 0.3886767625895354, -0.33490358326218966, 0.11376225084296804, 0.23032580031754926, 0.07794906617233083, -0.0884614367974835, 0.22038732114343484, 0.06111898016995505, 0.08770816289716622, 0.013784478544576201, 0.025268940642143616, 0.04614537602131784, 0.0024020571016723806, -0.20694955353259323, -0.09051506828176767, 0.0015529748347635388, -0.014601259018863399, 0.05180697044904737, -0.021201873273239424, -0.028282416087862812]",True,Python Data Science Handbook | Python Data Science Handbook
https://www.w3schools.com/datascience/,449,17,20.764705882352942,w3schools|python|tutorial|free|html,"[0.14716912471719218, 0.09290984499214197, 0.06497177028532239, 0.0679759131806391, 0.028881181356639973, 0.09867094031139985, 0.036082091985444674, 0.004269084062881759, 0.23852610203794708, -0.12394067124928415, 0.12790564870084, 0.18374750527127082, 0.034436614327455435, 0.02194132911620798, 0.20777526510752267, 0.07084627641243786, 0.28283396103219405, 0.026710783355007966, -0.10661387813158679, -0.007503465684824602, 0.018640628142360522, -0.22436286579580658, -0.13935805889860373, 0.34056916968720724, 0.289595349176917, 0.3658763280367887, 0.4955795593588619, -0.006829121843575372, 0.053849687047755154, -0.05479786609676679, -0.06906203385922682, 0.09950949792990663, -0.01652283761855419, 0.021216801812094673, 0.032599781100467164, 0.004567516268861619, -0.011031797604683561, -0.024860856699820504, 0.014396727773147634, 0.013874812912008977, 0.03847180057220991, 0.01727390837681728, 0.003726104089789454, -0.06874387247918616, -0.04405714136248666, -0.00916204562850784, 0.015616089149899126, -0.009243520677444592, 0.04173718589438922, 0.008948727133438214]",True,Data Science Tutorial
https://towardsdatascience.com/machine-learning-basics-with-examples-part-1-c2d37247ec3d,0,0,0.0,,"[0.0, 0.0, 0.0, 0.0, 0.0, 0.0, 0.0, 0.0, 0.0, 0.0, 0.0, 0.0, 0.0, 0.0, 0.0, 0.0, 0.0, 0.0, 0.0, 0.0, 0.0, 0.0, 0.0, 0.0, 0.0, 0.0, 0.0, 0.0, 0.0, 0.0, 0.0, 0.0, 0.0, 0.0, 0.0, 0.0, 0.0, 0.0, 0.0, 0.0, 0.0, 0.0, 0.0, 0.0, 0.0, 0.0, 0.0, 0.0, 0.0, 0.0]",True,
https://www.analyticsvidhya.com/blog/2021/09/comprehensive-guide-on-machine-learning/,0,0,0.0,,"[0.0, 0.0, 0.0, 0.0, 0.0, 0.0, 0.0, 0.0, 0.0, 0.0, 0.0, 0.0, 0.0, 0.0, 0.0, 0.0, 0.0, 0.0, 0.0, 0.0, 0.0, 0.0, 0.0, 0.0, 0.0, 0.0, 0.0, 0.0, 0.0, 0.0, 0.0, 0.0, 0.0, 0.0, 0.0, 0.0, 0.0, 0.0, 0.0, 0.0, 0.0, 0.0, 0.0, 0.0, 0.0, 0.0, 0.0, 0.0, 0.0, 0.0]",True,
https://aws.amazon.com/what-is/deep-learning/,2205,136,51.36029411764706,deep learning|learning|deep|generative|generative ai,"[0.20299838773670176, 0.291920017768644, 0.4813800514575856, -0.008974265467736227, -0.02051966878715191, 0.15159923474796894, -0.009474025640353677, 0.059254867688279485, -0.07139382127618328, 0.0651180653564504, -0.007722103463135392, -0.09590224515715787, -0.016873819368322086, -0.03321834505428504, -0.21558903086789438, 0.09178868658208311, -0.026229340729127155, -0.16197506173025267, 0.03970836296990732, -0.036405395401697384, -0.016320042909028814, 0.004149276608937944, 0.0914343726636544, -0.06027332913401346, 0.017768687883138016, 0.024423229369330394, 0.07340525833635138, -0.025538083886208797, -0.05913284848075747, -0.094620836655898, -0.10786077595510744, 0.20522658040597036, -0.10279884887611025, -0.14204422759635435, 0.01074864042202122, -0.358078507053216, 0.4304785678301859, -0.15927590561939073, 0.001413373165725864, -0.12747698280793052, 0.04165326441464036, -0.014269144311892154, 0.0494065882945825, -0.02457716909311529, -0.043820898562262026, 0.0032735542690073395, 0.023946827470109962, 0.06683540938919771, -0.10652510692894473, -0.1171105509497021]",False,What is Deep Learning? - Deep Learning AI Explained - AWS
https://developers.google.com/search/docs/fundamentals/seo-starter-guide,4168,174,28.13793103448276,search|site|google|google search|content,"[0.40140769362379325, -0.048137960108764866, 0.01940708080452429, 0.03758204579909173, 0.03542320914053533, -0.02163815370149795, 0.06603187666187997, -0.5418952139411443, 0.17915682613240255, -0.2918386592093751, 0.10036560137577015, -0.0028983341928804666, -0.02588526441317059, -0.1565190704114195, -0.192782527469684, 0.01662033414485525, -0.012690844853095951, -0.11373833904910528, -0.007488318587972461, -0.009812667734164294, -0.0315624238422521, -0.028335736698123958, -0.024083767878544382, 0.00567028431454477, 0.036319359310401984, -0.038374557771705495, -0.022380509713233403, -0.012124952118463853, -0.008425693080961319, -0.05026662195355435, -0.011519773427371547, -0.04364421088250459, -0.0038601811745989575, 0.07705703059931918, -0.10819149863874486, -0.09503612448433038, 0.023930869769539048, -0.0996397200763032, -0.011409565285429532, 0.3218633002029459, -0.02029666262996977, 0.18185937775391595, -0.2288464294617413, 0.04755565216600738, 0.16789443044002328, -0.1423266005130019, 0.007783792254734462, 0.03292929605143328, -0.08267759118633514, -0.024005386259841235]",False,SEO Starter Guide: The Basics | Google Search Central  |  Documentation  |  Google for Developers
https://digitalmarketinginstitute.com/blog/what-is-seo,243,10,27.099999999999994,cathal|marketing|search|digital|digital marketing,"[0.4231616726374982, -0.18592023926964457, -0.03168019903089657, -0.021370413967549032, -0.06861911144377283, -0.23224621216642696, -0.06567460099617421, 0.029058292730279774, 0.11238886479172547, -0.0910923488485512, 0.079978810990024, 0.013793442845265017, 0.049595449267070525, -0.14161091102436316, -0.08232690571223787, -0.009763088537045281, -0.2420180332280231, -0.09611410919112287, 0.12403869463592399, -0.03131249821207844, 0.08461535688881337, -0.010430302977814053, 0.1712901787726845, 0.016641497647138907, -0.08306551237348121, 0.18908099571710096, 0.06933377714144513, 0.0840022177955575, -0.2321310032142793, 0.30266155307643333, 0.16920536280828566, 0.3401873640902218, -0.005242777591916712, -0.07414935044503466, 0.2531438635538729, 0.2687282356567206, 0.1080921302985385, 0.1277893274699836, 0.015123961005480274, 0.019069928789277654, -0.039430625289320696, 0.02652308570128721, -0.08605521191215543, 0.03025336736537421, -0.06469490828611975, 0.0034988688921487746, -0.016282742063433046, -0.0013676807605048752, -0.05465556740050491, 0.01144854681795074]",True,What Is SEO and How Does it Work? | Digital Marketing Institute
https://www.coursera.org/articles/content-strategy,1566,72,34.75,content|content strategy|audience|strategy|goals,"[0.5680139513704714, -0.24335541989291606, -0.09327586798388206, -0.03018954438783148, 0.08688108574507812, 0.45810333361092553, 0.11293150167982229, -0.16076941178303497, -0.09877292138073628, 0.030514095857840904, -0.043538471448739034, 0.002062289485764114, -0.026186284749283906, -0.04093186247972699, -0.026025076264119994, -0.03588918528314459, -0.12348260686237444, -0.005260251123425757, 0.012833510946816963, 0.002161182855270951, 0.02619128424348352, -0.02657927038863788, 0.034305383795298135, 0.04552582262380103, -0.009616787529484406, 0.03664140547271172, 0.020755022384846777, -0.02568414152516579, -0.12538117298543144, -0.05274942650185251, -0.05042670013690305, -0.07873092468467206, -0.046994314947261855, 0.16656541962770663, -0.08402207658903446, -0.038907978878173516, -0.08672572670201188, 0.020669065215195785, -0.0708431632531388, -0.03197401776847793, 0.0317939900153923, -0.10678743082533577, 0.00510615954581297, 0.09448200945444683, -0.25671065561925965, 0.1867919384837335, -0.06131393517974839, -0.08223483264627025, -0.015668676423234423, -0.04515868142243984]",False,How to Develop a Content Strategy: Step-by-Step Guide | Coursera
https://www.youtube.com/creators/how-things-work/content-creation-strategy/,855,39,34.230769230769226,viewers|channel|tips|creator|youtube,"[0.23227154945021064, -0.023480829893919596, -0.009520845695945067, 0.0032819238589079517, 0.07366903251854581, 0.2024037779725127, 0.0721583047562026, -0.10982149606823756, 0.022239840114600232, -0.037761325951634596, -0.006533242219417064, 0.059345768839958325, 0.0666460341972296, -0.08587226608483042, -0.02159622248171274, 0.037244665444999325, 0.35490001065613525, -0.02946043567839259, -0.002483892380480386, 0.05438625720259303, 0.12881236399200405, 0.3000038489464592, -0.0005277883270283612, 0.25063060575682766, -0.3960015263491791, 0.4389534162640265, -0.377187830869098, -0.18006889551118252, 0.15816289780441803, 0.043135181121302275, 6.107139660348394e-05, 0.03857998207893, 0.026758354901688017, -0.0046633100942978095, 0.03169390985657079, -0.01714127383304186, 0.02558984742877874, -0.005566708604299565, 0.04041136248150891, -0.03450355708769796, 0.003070710878235283, -0.009989797943207432, 0.036217646132401714, -0.028909950934422637, 0.027492356174652118, -0.02268154024528362, 0.0014971230311600604, -0.006833904747039189, 0.010657024942445735, -0.020353878460128583]",False,"Video Content Creation Strategy, Tips & Tools - YouTube Creators"
https://digitalmarketinginstitute.com/blog/what-are-the-most-effective-digital-marketing-strategies,125,5,25.0,strategy|digital|marketing|search|digital strategy,"[0.4122412619006876, -0.1943793898112602, -0.04630544380921016, -0.03157051694215137, -0.06363990644778017, -0.24589272043699376, -0.09361389388020852, 0.22384122452834093, 0.09434900569184031, -0.020884664610346063, 0.07842090384514264, 0.07300973102685904, 0.07526936207162355, -0.21283947343263498, -0.11370907872270124, -0.007696966186466642, -0.21800871567103125, -0.09894913917428975, 0.12969163667090844, -0.03161324088370276, 0.06927111241325547, -0.0180296658522306, 0.14157191224824445, 0.12870900241001879, -0.047862471121169814, 0.16525360360337102, 0.01960882504387988, 0.050327931557847094, -0.34278736966217815, 0.0010294559413309195, -0.08255887822562688, -0.0937090865836656, -0.03364313842167753, 0.22987357079706436, -0.25119489650213644, -0.12928966221433152, -0.18184065405504113, -0.05940690808131783, 0.0021931384154139613, -0.14362464213431395, 0.027027786700605794, -0.01573053202630733, 0.19892053966809498, -0.12753279271455142, 0.18176281033130293, -0.08707645852943707, 0.02561520322252624, 0.018715025592499022, -0.034914609130142125, 0.05811977394763346]",True,What Are the Most Effective Digital Marketing Strategies? | Digital Marketing Institute
https://emotive.io/blog/11-essential-digital-marketing-tips,2368,115,38.22608695652174,marketing|sms|digital|digital marketing|sms marketing,"[0.6860432059375344, -0.22234767428862892, -0.06356319208464752, 0.010561509692886809, -0.03967080496799623, -0.09954724981093582, -0.0756591823856937, 0.26681425338513504, 0.0925957768120169, -0.01277155389999225, 0.042242679976096514, 0.05714862838214469, 0.03702485896731589, -0.16080880964469757, -0.09508219870077209, 0.057546055174624584, 0.1468892426281464, -0.07279144434564026, -0.03350020105752254, 0.007733256701567155, -0.035899624120580016, 0.009178876365772899, -0.012396637299835329, -0.0057923869001047495, -0.01353901757017257, -0.03183946626852273, -0.013730676618693082, -0.08508403146483984, 0.05394884173169812, -0.1622440622882547, -0.0558901704017704, -0.18745832637548687, -0.012563949446008625, -0.06492002443954685, 0.03158867702455504, 0.017318925226297757, 0.02622732311290086, 0.03783205862890244, -0.01580578132405413, 0.04518352711037602, -0.019967282548987775, 0.04001136012253559, -0.07448130871613975, 0.09726706377566398, -0.10642048623023077, -0.004033069012466466, 0.004782040943570698, 0.006976733941800329, -0.011749186994808328, 0.050961907023477984]",False,11 Essential Digital Marketing Tips | Emotive
https://www.forbes.com/advisor/business/what-is-digital-marketing/,2597,133,41.421052631578945,marketing|digital marketing|digital|email|seo,"[0.6742936082417483, -0.27090028623194007, -0.077836408565411, -0.024795951493837287, -0.09401060019006048, -0.27722990896145994, -0.1398826579784813, 0.389066585729235, 0.07593656656280766, 0.015998051791075583, 0.030866933573350453, 0.038475060877973644, 0.03530023102686541, -0.10458488708182496, -0.08023355880671627, 0.041113753479563794, 0.05086926166345464, -0.060069582908585537, -0.0142640406951687, -0.00890421604576081, -0.026417517141195963, -0.019591053333137275, 0.006972280783503881, -0.014065327225573963, 0.016358285142209918, -0.02120074150757108, -0.007744193336164787, -0.04864581495416511, -3.3384329313176206e-05, -0.06483669439290797, -0.012092063727174267, -0.08858107044371848, -0.021935575157493146, -0.07885585187100651, 0.036446719507660034, 0.007956487332934909, 0.04562447901482427, 0.013251936681534626, 0.011079304232090343, 0.08453786642192304, -0.0004879810995804596, -0.01035004419457484, -0.06282119271342376, 0.03894433511642291, -0.05193826223366853, 0.05589330674205866, -0.009873298210072844, -0.025344131782805607, 0.027482083330587784, -0.04990233176190659]",False,"What Is Digital Marketing? Types, Strategies & Best Practices – Forbes Advisor"
https://blog.hubspot.com/marketing/what-is-digital-marketing,8878,494,46.08502024291498,marketing|digital|digital marketing|content|media,"[0.8017362246321287, -0.2929957051326744, -0.07593996649170646, -0.014387028282285818, -0.05190677369414129, -0.1198429527521174, -0.08501427462211465, 0.256083407817208, 0.05869431464627859, 0.015407336376341537, 0.036879575918599035, 0.026612851018604815, 0.03573374338327075, -0.12480136104942414, -0.056487695418428276, 0.027753027085482218, 0.0471336038776528, -0.06479600124125166, -0.015738501818765276, -0.018660009484582456, -0.020232982619246595, -0.019031040255331467, -0.011182706077054653, -0.016140324583338212, 0.005504332759935798, -0.019099182003557102, -0.00018045131061885479, -0.0642378449705231, 0.014370619240295448, -0.06407350918336999, -0.0287110974514231, -0.048736984526487954, -0.004587468055406666, -0.02021051593792663, 0.01381219193000467, -0.016858488409143328, 0.008098371352687605, 0.01117564963363642, -0.006697879784937589, 0.024062893234413827, -0.0007329096758257829, -0.017750165318325732, -0.033882912983033434, 0.022837173661481868, -0.0325454004958106, 0.04066203250417774, -0.025294345066966196, 0.00896150977780244, 0.009555186855967502, -0.020273709240773635]",False,Digital Marketing: Everything You Need to Know to Get It Right
https://www.investopedia.com/terms/s/seo.asp,0,0,0.0,,"[0.0, 0.0, 0.0, 0.0, 0.0, 0.0, 0.0, 0.0, 0.0, 0.0, 0.0, 0.0, 0.0, 0.0, 0.0, 0.0, 0.0, 0.0, 0.0, 0.0, 0.0, 0.0, 0.0, 0.0, 0.0, 0.0, 0.0, 0.0, 0.0, 0.0, 0.0, 0.0, 0.0, 0.0, 0.0, 0.0, 0.0, 0.0, 0.0, 0.0, 0.0, 0.0, 0.0, 0.0, 0.0, 0.0, 0.0, 0.0, 0.0, 0.0]",True,
https://mailchimp.com/marketing-glossary/content-marketing/,2406,137,47.313868613138695,content|content marketing|marketing|audience|stage,"[0.737853620137315, -0.3109852181093771, -0.1162503629131374, -0.03137793079331768, 0.05083179370430163, 0.32754743294276917, 0.0635851794419929, -0.06005767614510122, -0.0920529152055867, 0.04408146545827222, -0.04058138957133875, -0.024583860688655607, -0.03473415809287034, 0.058418750908739304, 0.04577939031850112, -0.015982869562316586, -0.04032622678577081, 0.029847252865573517, 0.008557172053964855, -0.008470044400047947, -0.00718652479516424, -0.010742018520977352, -0.002070236206023657, -0.024223597018066118, 0.016067056079642452, -0.046747124089969366, 0.03274954341690724, 0.016384158742265214, 0.020767694973061752, 0.033190070681651807, 0.02097868070935258, 0.05781344249706047, -0.0009227705135544462, -0.0628669877257826, 0.03869515712555979, 0.027188074471043083, 0.016159656088266763, 0.007820593046246927, 0.020451877490580524, -0.010486426158463383, -0.017592597938873276, 0.01384177838715313, 0.012361124707928196, -0.020331935492060155, 0.081335082919413, -0.04777020277644499, 0.01441825113293649, 0.028704908810156988, 0.04385919333859329, 0.01064160762686725]",False,What is Content Marketing and does it still work in 2025? | Mailchimp
https://sproutsocial.com/insights/social-media-marketing-strategy/,10423,469,33.32835820895522,social|social media|media|media marketing|marketing,"[0.4906298316796277, -0.14599724065478967, -0.04498718705592147, -0.02585898932230842, 0.02457473097841649, 0.059898419953095514, -0.003530488241663699, 0.17526930057142853, -0.034229971221968976, 0.09516907572337305, 0.004745493489737988, 0.019547397631158862, 0.061302837064903984, -0.16943678419199765, 0.02580915316468599, -0.010020466592770798, 0.05381124126163669, 0.007380027682815166, -0.08030497609672256, -0.011647795131934119, -0.04642416795747628, -0.05080315874054883, -0.1572839401554621, -0.1198290472267809, 0.045729840399043896, -0.22203779398298926, -0.043331734113185, -0.18989635416431003, 0.28705824071933916, 0.06392997273090538, -0.03929824925559422, 0.42537723517736376, 0.047124096748932046, 0.46784545913591646, 0.017782842918343065, -0.022233816974882404, -0.03737087388014138, 0.035226656841605, -0.004760430998336118, -0.06295404631304387, -0.003676180388733987, 0.012110029128733242, 0.011796333817203308, -0.03889312962592575, 0.029952764840699364, -0.04325241223650905, 0.013133457078201733, 0.020103008618286764, -0.04405875759111524, -0.012389052649319944]",False,How to Build Your Social Media Marketing Strategy | Sprout Social
https://www.shopify.com/blog/ecommerce-seo-beginners-guide,5323,298,46.41275167785235,ecommerce|seo|ecommerce seo|keyword|shopify,"[0.3882533735813326, -0.06847344925823662, 0.007717977311117311, 0.05207858002044271, 0.028757219149946545, -0.04215918211106527, 0.06694154973521914, -0.44137310185086065, 0.2070438366832749, -0.2387915508460885, 0.10500382484137107, -0.02221841891906518, -0.042589405901180474, -0.15843388734761846, -0.15244773025186414, 0.029885531487015848, 0.03664848613070261, -0.1516796430785976, 0.005822056594603708, -0.037076396715705576, -0.04245088084659572, -0.007067172204452702, 0.03140898835351259, -0.0993966933130079, 0.06693638726495993, -0.14550006960573048, 0.05931019714690669, -0.1896012393700945, 0.10573577724566718, -0.1687499927601825, -0.105977963506735, -0.1515641766368747, -0.047026732971436815, -0.14186217058926703, 0.18372149363071305, 0.15003752497479353, -0.0039232030739229495, 0.2764234701536922, 0.02991113024202983, -0.24309867211822764, -0.03537899494972744, -0.08484239814336303, 0.15276889835356186, -0.13508958699560747, 0.11430156356092937, -0.013741045956569652, 0.02053757249949319, -0.01029145489994218, -0.033475144767633476, -0.023972831904078704]",False,The Industry Leading Ecommerce SEO Guide (2025) - Shopify
https://www.dollardays.com/?srsltid=AfmBOopXjdOu2Kwq6fwYN9FPfB19MorSOf5UyS0EisxFSAzOm8wbl8KF,0,0,0.0,,"[0.0, 0.0, 0.0, 0.0, 0.0, 0.0, 0.0, 0.0, 0.0, 0.0, 0.0, 0.0, 0.0, 0.0, 0.0, 0.0, 0.0, 0.0, 0.0, 0.0, 0.0, 0.0, 0.0, 0.0, 0.0, 0.0, 0.0, 0.0, 0.0, 0.0, 0.0, 0.0, 0.0, 0.0, 0.0, 0.0, 0.0, 0.0, 0.0, 0.0, 0.0, 0.0, 0.0, 0.0, 0.0, 0.0, 0.0, 0.0, 0.0, 0.0]",True,
https://www.woot.com/,162,16,69.625,woot|amazon prime|prime|com|deals,"[0.06350257055266173, 0.009262704483104331, -0.004624886583839501, 0.03800973555636788, 0.0420452916709046, -0.012895991848391627, 0.06079155098737624, -0.10939996638560502, 0.3166962009430377, 0.2300740181305883, -0.0400282060435077, -0.006028784678715566, -0.06030498727706825, 0.05818762317057704, 0.07414141662968386, 0.6241053902211449, -0.17805787404712686, 0.02528080938161274, -0.08127095621594642, 0.005926532068116995, -0.015773713953180724, -0.20139832065157331, -0.007283946921197524, 0.033708545830504526, -0.2885149063415608, -0.04507960417147598, 0.020523227616409914, 0.059273214804977284, 0.07207897320400748, -0.045887087686341976, -0.09332296656352221, -0.03501180559538072, 0.09011994783680735, 0.0769371443859952, -0.23455459880898394, 0.29644042113103886, 0.23473653627596883, -0.09392036064696077, 0.05429594183399223, -0.007400716037687063, -0.07318976267433794, -0.03813829582525787, 0.028325948177951546, -0.00673438424159682, -0.013840886298800134, 0.017869254257590908, 0.003265717271933337, -0.0011085734247557922, 0.012767568456108654, 0.0011458655181014335]",True,Woot
https://www.shopmissa.com/?srsltid=AfmBOoqr-F6zzKR-vGPqksAZp1wW4niXlINdN2eAREiMVNtHez_0-gAB,1614,1,10.0,quick buy|right quick|left right|left|aoa,"[0.019560353431303707, 0.005586000910170573, 0.0007103423580560315, 0.011201625872433136, 0.010563993077881917, -0.000856303808448165, 0.009848113797727669, -0.016422071244184423, 0.08557427765503749, 0.09357685716851043, -0.03002098611725404, -0.01743131848815009, -0.027259542069827957, 0.02275626276843754, -0.0012019641407311386, -0.07394983336910634, 0.04725910073528033, 0.06630862387808534, 0.7256323716974762, -0.361050351013965, -0.33371569245861027, 0.027765499101146125, -0.40194151807307066, 0.07964047868247369, -0.13895828266132842, -0.011167900413259942, 0.0714346992066676, -0.022396896108895527, -0.011708850153811566, -0.016784022224953378, -0.0066739986966297925, -0.0025805237827921917, 0.03185349241569115, -0.008205660488389067, -0.0005739108173292316, 0.0003331975202591728, 0.015719222949602835, -0.004558915569347654, 0.003658195038430835, 0.00985523454897433, -0.060864241919928175, -0.012271830067407367, -0.006462690793836539, -0.0006360234917437193, -0.014319539875689952, 0.008475450964726931, 0.006978991247432687, -0.005685350151938479, 0.001938163743740571, -0.007846891023137048]",False,"The Original $1 Dollar Makeup, Cosmetics and Beauty Online Shop – Shop Miss A"
https://martie.com/?srsltid=AfmBOoqTEC0QXQ3xYEvV1VWP6OX6EZboYFZDuiiilhyLfDJNbuXIZ97r,5197,17,10.0,add cart|cart add|cart|add|oz,"[0.008808449730216323, 0.001012380169185378, 0.0005877429285076446, 0.0039608860128414755, 0.003291582212533362, 0.0005979268934138785, 0.004562555005874207, -0.011886084273092082, 0.04389134142506492, 0.02559853753117643, -0.008826247021611057, -0.001579836048025324, -0.007953688155632181, -0.018019125527175803, -0.04132969869463551, -0.07131842976145372, 0.038262168414020054, -0.07098995503134886, 0.22461416993650257, 0.8596659887905607, -0.4064693108066886, -0.14616166248907372, 0.005283951390010185, 0.027815054487231067, -0.06133368969589154, 0.014476802454859746, 0.014732744297015522, 0.014349169139185458, -0.00461405142798602, 0.02242971533771265, 0.0083693414769239, 0.02089241210327971, -0.0004902485894368469, 0.0019083486089939295, 0.0068105853312919636, -0.012590579022116202, -0.005176830068126507, 0.004873789669786548, 0.00037487672077236205, -0.010897183175991875, -0.01834736694551405, -0.009448428103336567, 0.010786795357445115, -0.006976799827057126, 0.0007340672034166494, 0.007048159356105534, -0.0014362758444949712, -0.0002622077413668538, 0.003086300612599231, -0.0017540581669904913]",False,Martie.com | Save up to 80% on your favorite brands!
https://www.dealsofamerica.com/,1996,122,50.91803278688525,view info|info|view|inch|soft,"[0.035396753279184755, 0.025618259491572582, 0.0057415121590289895, 0.015314100580863809, 0.01881061734740053, -0.011743623314346783, 0.004343025144109799, -0.021658859018933423, 0.053275849941331534, 0.020675435537030704, -0.021302887861970935, 0.045860167886402, 0.07699329652055129, 0.05314486585745461, -0.03127860973776356, 0.08370701427352797, 0.11536933259865254, -0.03441403267396221, 0.38430448555255997, 0.2696502189567021, 0.7964854691838481, -0.09538714287362768, -0.23820092301140322, -0.04600890286718926, 0.06737226814113743, -0.1659723340975814, -0.0043085373852446915, 0.013635865810045587, -0.03263880591747743, -0.02812065780867917, -0.012411395592603725, -0.009956924242487319, 0.012064002618600253, 0.0014026260440893612, 0.017528321035867753, -0.01980941137781115, 0.025114094268091275, 0.0064816237191812195, 0.0167681530375545, -0.002325231843614365, -0.008738399400412489, 0.002040051789499668, -0.006884656674346561, 0.017570785506188888, -0.0036957100154163596, 5.348887408352961e-05, -0.012703522878387724, -0.011600459994416317, 0.0030487793278509596, 0.00511325192201716]",False,"Deals, Coupon Codes, Bargains & US Deals - Deals of America"
https://www.dealnews.com/,3878,122,10.0,amazon|staff pick|popular deal|ago|hrs,"[0.0569132696774728, 0.02900843957315875, 0.006167542769697294, 0.04593505368139208, 0.047973108763389984, -0.030794827404457988, 0.056388346867351176, -0.08760570170188921, 0.4588300462189697, 0.40704752747526346, -0.10644765089502187, -0.01875886965692451, -0.05262193478931929, 0.045802162106008085, 0.09907170645422105, 0.38207378949759196, -0.17844588663715452, -0.054212203305389194, -0.08314117159056471, 0.025287694631823128, -0.019680651202446754, 0.1226186142549196, -0.10963969749600169, 0.02435012786482616, -0.16329943095601213, -0.06374162323819486, 0.08195434551807307, -0.013056848377901513, -0.021517173635740686, 0.04606133167272348, 0.09917961496253648, 0.01476344769777507, -0.10057678969768322, -0.06149750980450852, 0.2503359866246317, -0.30994430262038514, -0.27542629321571066, 0.09321432444811929, -0.04502420802187076, -0.006884496234241642, 0.21126320669188103, 0.046441539352003985, -0.04841762403274389, 0.0341992234115946, 0.016314226462116905, -0.011148511331048246, 0.006643712776317964, -0.0030236459947792288, -0.0054283750833836455, -0.010188683724626195]",False,"DealNews: Best Daily Deals, Discounts & Sales"
https://viewyourdeal.com/,551,31,46.67741935483871,retail|deal|retail deal|free shipping|shipping,"[0.03202000321180617, 0.011955301141778424, 0.004503757325151546, 0.04111048034617776, 0.031946320101135725, -0.03349588424539004, 0.038785474524862806, -0.059051499425744364, 0.48689774352473575, 0.4561969674136987, -0.13163039980078156, -0.02038248646424412, -0.09386792091746939, 0.09875488585777782, -0.14041263033960238, -0.4174318161736322, -0.018635339374438998, -0.03768796914156754, -0.17159160755354652, 0.0037924667581903868, 0.09144770871560261, 0.03313688223344456, 0.015474146986089649, 0.054891925667841936, -0.04301869828837525, -0.005406479546025552, 0.0722725710284543, -0.029773086381672725, -0.012425812973761226, 0.0018408420859538108, -0.004581674844048763, 0.024811945418863057, 0.06744804345474784, -0.01663265351042287, -0.014217779453516152, -0.10375388853438136, -0.02082461256071997, 0.0033924509353651577, -0.00025631407566895656, 0.055478400768487465, -0.48254252942012293, -0.06545450296691911, 0.02236959391309335, -0.035366829783569004, -0.038515535088746534, 0.011735614000165914, 0.03228090288489167, 0.017014616582542653, -0.007233867821832088, -0.004981959850672505]",False,View Your Deal
https://americasstealsanddeals.com/,911,82,66.67073170731707,99|00|retail|99 retail|deal,"[0.05255547787429941, 0.017916330650272726, -0.0016155005294245517, 0.03788797417851239, 0.04752278503813795, -0.014420736114228387, 0.041135042580955405, -0.05291930785901591, 0.4565068697108138, 0.4266162179728464, -0.1301562134629912, -0.012091610756494032, -0.0964784259412147, 0.09256160114214042, -0.18234401307852963, -0.48058797396668207, 0.08148357697759881, 0.0008571924040359625, -0.000619250868577051, -0.021078462223103226, 0.02101738288064986, -0.009852511986914069, 0.04650234123542525, -0.01679951358884728, 0.08492756885118997, 0.019213433915243647, -0.06197404495667901, -0.0090583642618448, -0.00250864123128194, -0.01882912999319518, -0.0518116692239694, -0.01347114369679183, 0.01356580815858402, 0.0398438054108128, -0.08905998247095225, 0.21511324792386163, 0.14437969976681583, -0.0360953388832545, 0.020503429439164472, -0.049575153841076296, 0.42974905058117846, 0.05877976934196238, -0.015543375103122266, 0.035478344451508256, 0.035129861739161695, -0.010953497328992146, -0.03617686538316959, -0.01571529529805251, 0.007070564064767124, 0.01205183408637652]",False,Americas Steals & Deals | Online Steals & Deals Today
https://www.pricegrabber.com/,65,7,72.14285714285714,newsletter|deals|touch|discounts|copyright,"[0.06526343074628088, 0.02656750222147948, -0.004879808501719972, 0.04198168850493799, 0.07078057976358157, -0.02217880185742514, 0.06736139419053846, -0.06573898893795314, 0.2398335660509948, 0.19460717194554483, -0.029686507215422306, 0.0127515020150408, -0.05192570913622742, 0.03386715834169169, 0.026271680669894843, 0.2937747209593589, 0.25337401199978665, 0.26944066717076476, 0.2244138084375545, -0.08595980586781414, -0.08290662452392995, -0.2321219701842348, 0.34760729833783494, -0.10638525448647947, 0.44060481544766655, 0.11033380859672796, -0.3862699443418663, -0.035224020505168305, -0.04761444227158799, 0.08054198042058489, 0.03910899197634687, 0.028244859752533578, -0.11915463655817224, 0.01826533189716691, -0.009157363808099492, -0.07225877801332825, -0.043513579136516635, 0.061233636578847006, 0.014016930555613672, -0.0074758978653909096, -0.0952424714076453, -0.013257819014551288, -0.015558963544044943, 0.007900844402246504, -0.007872900377857832, 0.0003390319122186665, -0.0027710036234885197, 0.0034685745568678455, -0.0007547953419584811, -0.01158094115438169]",True,Check online store ratings and save money with deals at PriceGrabber.com
https://www.wikihow.com/Make-Money-Online,294,21,58.0,money|online|article|sep|approved,"[0.12909146020523576, 0.018547159880792828, 0.013621387271802161, 0.09497567550797781, 0.019681206381205546, -0.03166392742162004, 0.042620547365628564, -0.08206123322064182, 0.0742579546465708, -0.02960493804078363, 0.02596681313547071, 0.020776064215586663, 0.05871433127228445, -0.1064680575913976, 0.01949021478675309, 0.058242712463146384, 0.5080764233256261, 0.3215708760101844, 0.06752684467766897, 0.01766430040514331, -0.0076849316350843305, 0.33011931779881554, 0.3714218414565012, -0.055203728008465215, -0.21056961318628079, -0.31019729020590503, 0.35637157364881183, 0.06724500761145276, -0.160696371383603, 0.0934657478693509, 0.0032455852047034548, 0.012811949269277822, 0.06851644674066229, 0.06677731615128944, -0.05318676275993995, -0.011907628852179645, 0.015436154628724852, -0.009635005631806266, -0.008592967523649528, -0.008693215293240212, 0.01593975882013925, 0.0006859604296710145, -0.005957385610502433, -0.0007258126512618711, -0.014511117413455362, 0.010294293061017921, 0.008839644665855998, 0.0002485611920748169, -0.006417449993789765, -0.004164099543783071]",True,4 Ways to Make Money Online - wikiHow
https://en.wikipedia.org/wiki/Search_engine_optimization,6554,513,61.67251461988304,search|retrieved|google|archived original|archived,"[0.3738938394874773, -0.010073413302595468, 0.14619347590300913, 0.011384581039421823, -0.08268518723671245, -0.38974702190782606, 0.01686365459511564, -0.5042170730701525, 0.10318448232769671, -0.21939358689331068, 0.06949166147267707, 0.0010265134467293442, 0.028035679499313862, -0.14643232486678465, -0.1049364035020759, -0.07087843885970829, -0.15774681336443044, 0.276968138028046, -0.038499099617551207, 0.02383978144015373, 0.015300167805110005, 0.004588841850933527, -0.10098323832368852, 0.062056489282592525, 0.021772111233629203, 0.004859354784894854, -0.06829251505508999, 0.07279201629553451, 0.08145998752796399, 0.06566339332370483, 0.059260723204251624, 0.06542086298823922, 0.03596058845611749, -0.010535791015435904, -0.057295277149563326, -0.10043814001443988, -0.014234464786702638, -0.1394289301755616, -0.003916451479479229, 0.02569950041679864, 0.04061176835887266, -0.022230864569991342, 0.0030769127224115123, 0.05312743831874841, -0.07413728619938115, 0.05837035292009152, 0.006432169791676623, -0.014131658785554476, 0.09292425993906209, -0.02301664095677863]",False,Search engine optimization - Wikipedia
https://simple.wikipedia.org/wiki/Search_engine_optimization,1258,82,53.97560975609756,seo|search|change|change source|change change,"[0.36329642263225653, -0.023899016575467186, 0.14897440453505956, 0.004388019640702867, -0.08040624114586908, -0.4045149146709306, -0.029274396839300523, -0.48510417631987907, 0.09452773726492772, -0.2773350561013302, 0.06082292352095889, -0.12597396982868064, -0.12311680671005681, 0.2351285938569566, 0.07449496154852545, -0.04061933983983431, 0.0191776264993097, -0.15164674448882734, 0.011544442070295001, -0.019532518273461783, -0.003173416908328177, 0.02235570245845124, 0.015143893807291892, -0.05472337048688865, 0.004557624430891826, -0.00656614383507965, -0.01830409404568027, -0.051163812964161656, 0.023882423115417748, 0.07115703362404636, -0.022733901992105312, 0.09650474358611721, 0.0021037024371365204, 0.08693404351082007, -0.05369132933930311, -0.04203376286788132, -0.03591182323672147, -0.025887250191769844, -0.025087199427390492, -0.11289364143103675, 0.026017352285115133, -0.0937206196903335, 0.0936891815735547, 0.038108558191225606, -0.16912227590857026, 0.09162962926737359, -0.011788025310052712, -0.02242565497662451, 0.08538797162007662, 0.04994470515441892]",False,"Search engine optimization - Simple English Wikipedia, the free encyclopedia"
https://en.wikipedia.org/wiki/Content_marketing,3628,250,56.464,marketing|content|content marketing|retrieved|2016,"[0.7323345946746017, -0.2503115309998822, -0.02036965151917109, -0.034517374695887365, -0.05544910253687473, 0.01569585338745235, 0.006514765543553821, -0.016856390625725356, -0.09594992177400087, 0.07398622797265283, -0.05713892680959354, -0.0034291815501428405, -0.01090584936338653, 0.1133005664774841, 0.08835007046758582, -0.024896617577231918, -0.04184782519697267, 0.22993351678697135, -0.01571831968127339, 0.035796923312481556, 0.017151189239973923, 0.02239092701007666, -0.03205070135275385, 0.015503928472694307, 0.029025353965733403, -0.007066778931477158, 0.017164046724197184, 0.14071644780229475, 0.09266718586545125, 0.07527668198727618, 0.07361859599962557, 0.018072508397901792, 0.032069532557912034, -0.16304382652933594, 0.0007083630002152854, -0.012161872618854647, 0.053368854524112865, -0.04453718758780586, 0.023193622330142712, -0.01520295993163961, -0.018150170360592025, 0.05008033466955515, 0.07598988466832844, -0.11863110275756623, 0.20855856812086623, -0.07523620677406538, 0.019930647096563107, -0.0545783241839645, 0.04667306391894866, -0.04540382427933995]",False,Content marketing - Wikipedia
https://simple.wikipedia.org/wiki/Content_marketing,455,23,40.65217391304347,change|marketing|content marketing|change source|change change,"[0.5414050226691021, -0.19356325513528913, 0.041341857255309776, -0.041977858598779026, -0.0742449653520793, -0.155488805871851, -0.05814507521093158, -0.08658792220608169, -0.11325354767124367, -0.01622451444094593, -0.058026458684792455, -0.1311235509016581, -0.1874803088279408, 0.5626741242202852, 0.2684565095283026, -0.009056600235732832, 0.09675379717059258, -0.11455943606333714, 0.014155208129053567, 0.007845384843811427, -0.0053663822395158675, 0.041871258086658605, 0.007074143151323474, -0.03565759042529358, -0.018192379522356222, 0.020518776834191964, 0.00038937980675399187, 0.06193599950532373, 0.005462286086977713, 0.0439607113345574, 0.010900715109980466, 0.00850625696120742, 0.009839080625218577, -0.03050182232185203, -0.0498951535323912, -0.012923419498427924, -0.03239439684537121, -0.048442492712437356, 0.009749869944990561, -0.044697819841023084, 0.0031290155355399325, 0.011609423616110236, 0.024353768956261547, -0.05332734393058618, 0.0686782780436363, -0.048602396372478034, 0.015647898005990358, 0.08224301463538375, -0.08109704270059757, 0.050257804521065826]",True,"Content marketing - Simple English Wikipedia, the free encyclopedia"
https://en.wikipedia.org/wiki/Machine_learning,18773,1511,62.72733289212442,learning|machine learning|machine|archived|retrieved,"[0.28447620376493093, 0.39126709245342145, 0.6985470665097817, -0.012724936092104676, -0.07553203294890733, 0.025168955291284538, -0.012496133108167358, 0.033648062480411155, -0.10303631931047365, 0.08010184043370813, -0.02281155545851737, -0.04304077638327915, 0.010495968419919512, -0.0009589949399434057, -0.18732785781060188, 0.023470269345547946, -0.09995449980972156, 0.19845503259853353, 0.006309149333469682, 0.02361211965950227, 0.008984667944105781, 0.04595471683823647, 3.823588700351705e-05, 0.0426364761557328, 0.01338371618902161, 0.024137285591562717, 0.01614463543967756, 0.057691393956450544, 0.06429031061352697, -0.017496253595836626, 0.0029936775537481868, -0.015410757472038298, -0.0032578344967806087, 0.0033132796338620077, 0.039198101365106354, 0.024312548890618603, -0.024479337405698923, 0.029396000030995236, -0.017446064043621652, 0.015408236037417932, -0.0074893399124725925, -0.019942086444613608, 0.03674715616132386, -0.018303407195061384, 0.03386827815223874, 0.031435094607205984, -0.015288301527278326, -0.1160474970760846, 0.16402679474339174, 0.057304580952632425]",False,Machine learning - Wikipedia
https://simple.wikipedia.org/wiki/Machine_learning,1776,80,33.400000000000006,learning|machine|machine learning|neural|network,"[0.2792398758744764, 0.4196412279466678, 0.6286085506988685, -0.026193884413279595, -0.09499972754789467, 0.024408218343583865, -0.07327113068336617, 0.05203022358744431, -0.1354520839571502, 0.05089317858057961, -0.09523077399522784, -0.07741082516338088, -0.1199020991072476, 0.14673376915926348, -0.13063793672207932, 0.054189146201248, -0.03902028872745285, -0.0688499959858188, 0.047627499006717255, -0.0029728645574554373, 0.007126553861836725, 0.05044255196628274, 0.10072622854188108, 0.053870002181699704, -0.004875909531374681, 0.02160053256325933, 0.03414040088849043, -0.04796018605130049, -0.036725981000844544, -0.07254430561203536, -0.029137829781206992, 0.0034366405122915607, -0.028530463418048886, 0.13975077728148316, 0.05429464332170899, 0.037015584888309055, -0.002472125686308698, 0.10670080147281955, -0.020736261510192804, 0.0935714017118555, -0.031093164816384012, 0.0489974988949537, -0.01920675080425771, 0.008326032109962708, 0.10689098899397584, 0.021024257948839095, -0.027578343036049176, -0.19116075018434847, 0.21357206801352446, -0.04485439279110496]",False,"Machine learning - Simple English Wikipedia, the free encyclopedia"
https://en.wikipedia.org/wiki/Artificial_intelligence,37146,3210,65.28411214953272,ai|archived|retrieved|archived original|2024,"[0.2689862561271322, 0.24946745533265322, 0.44491693800142623, -0.009087980280834324, -0.028956910500110806, -0.20933622603015825, 0.03082923201065393, -0.1951483332487246, -0.20252342088895894, 0.19804709255204558, -0.11959929538925336, -0.08272197437037117, 0.19060998250303557, -0.18201069304691514, 0.11964256948724998, -0.0800941630642637, -0.04108407859229032, 0.34839113056572496, -0.09724351943370343, 0.041472661105863125, 0.012173257042213432, -0.0923746245198786, -0.14590496782202814, 0.16632705416792262, -0.015554290521796046, -0.012126376636614668, -0.073194743851735, 0.058667884885258106, -0.062454919627926715, -0.053681231819145754, -0.002484371976445028, -0.07261712910471908, -0.007320176564453002, -0.023305265199439214, 0.04244916700368111, 0.05287099959774662, -0.009002910525025887, 0.06952115695920627, -0.02579682308548589, -0.08302882919085298, 0.019349059234052744, -0.05719998875403747, -0.005212885219924632, -0.003185472693411073, -0.0799396016706203, -0.02380150375565768, 0.03616394693380518, 0.24986001107046701, -0.1865604606389569, 0.019039898022206275]",False,Artificial intelligence - Wikipedia
https://simple.wikipedia.org/wiki/Artificial_intelligence,3512,159,33.73584905660377,artificial|intelligence|artificial intelligence|ai|change,"[0.29232822615779214, 0.33803050072695096, 0.4883818387596752, -0.021478366799967213, -0.040611855107084205, -0.13957609511147234, -0.032617615739753095, -0.12234626744236082, -0.245977231720324, 0.17002953247095126, -0.18902715856787491, -0.1516967004961768, 0.025748973464837403, 0.05642809673044977, 0.1605005678072541, -0.014339951767215017, 0.10858210151859354, -0.11733851221451937, -0.020842307471341304, -0.013016019993983309, 0.0007461103127978869, -0.07818089326229438, 0.03272084159657077, 0.14490540869025323, -0.04281059840438882, -0.00510913587196914, -0.003988844151140249, -0.08873394141686529, -0.1962593221917323, -0.10298162340467311, -0.07020164874847613, -0.04719275901009691, -0.043149341663354594, 0.17640096956301765, 0.06423678400526275, 0.11691311058435798, -0.015919265963267433, 0.17747739974829058, -0.04171888873780802, 0.06810750747051393, -0.027180606683926852, 0.047359430654042654, -0.10799261884128751, 0.05467101267455575, 0.044487489453806324, -0.06004120366210112, 0.0070786364845698046, 0.06630823281613388, -0.06715365836442642, -0.057560076639555674]",False,"Artificial intelligence - Simple English Wikipedia, the free encyclopedia"
https://en.wikipedia.org/wiki/Digital_marketing,11368,931,63.368421052631575,marketing|digital|digital marketing|advertising|brand,"[0.6597125720633575, -0.1854809733936052, 0.045948623565983296, -0.034017734530682006, -0.13483965060820507, -0.3750075852234116, -0.11416077415969897, 0.25937576637702253, 0.00960263026066541, 0.06601335825270489, 0.0051706717711029835, 0.03332035905547243, 0.08197895926814389, -0.09522297554815067, -0.03058349468805264, -0.010619355422620314, -0.015998181185942678, 0.26214755044753024, -0.059544206990436985, 0.03411739132965043, -0.005983523291270774, 0.00952568717897219, -0.09891835784812263, 0.04943863949228381, 0.023036645532556868, -0.026327698808964486, -0.04841716900191808, 0.06722579912487747, 0.12701297405374093, -0.03732196469321426, 0.010446563169117733, -0.048212397264143426, 0.03879835525059929, -0.07104946610775635, 0.007821180351078677, -0.03701696231668315, 0.026233542462212347, -0.03205120275807061, 0.008078026013925266, 0.006907785376589349, 0.016472428016303046, -0.018685986394768504, 0.027950161800700528, -0.0038396493952177336, -0.0017859492859178814, 0.018863381123104574, 0.008480345718321588, -0.03335722598707155, 0.05704351239580467, -0.026487985155184912]",False,Digital marketing - Wikipedia
https://simple.wikipedia.org/wiki/Digital_marketing,338,14,27.57142857142857,marketing|change|digital marketing|change source|change change,"[0.5478807109466945, -0.21140264555119087, 0.04150980822847221, -0.03634066511302629, -0.15393600740072008, -0.4654186341146358, -0.16992172946465223, 0.19734502039129082, -0.0006004877421335909, -0.05136613711859793, -0.0002986254941478063, -0.06949508946189477, -0.11502359336686736, 0.3465713849358685, 0.12230505588434379, 0.022310704483883257, 0.1454931520554085, -0.14820953837988637, -0.011151504812837767, 0.002528790028368198, -0.013503280122139033, 0.042343420472465206, 0.0046031380417128325, -0.030606186212665233, -0.01884546456354738, 0.01511818841533681, -0.036542346842800874, -0.022210550294869014, 0.01182938012304071, -0.01007648801123127, -0.0038700075929624777, -0.03694818387108653, 0.00995770198785325, 0.016017744216582433, -0.03148870827689562, -0.033594060450696, 1.4404496130576705e-05, -0.036832025069302936, 0.008447276669178315, 0.032219866227718726, 0.012440466402057681, -0.010862490037859062, -0.04904055040803969, 0.03255469408985777, -0.06366581709182867, 0.03244724989567552, -0.005897726706706767, 0.012672980591687694, -0.060742493863805626, -0.02633048170863502]",True,"Digital marketing - Simple English Wikipedia, the free encyclopedia"
https://www.reuters.com/technology/artificial-intelligence/,0,0,0.0,,"[0.0, 0.0, 0.0, 0.0, 0.0, 0.0, 0.0, 0.0, 0.0, 0.0, 0.0, 0.0, 0.0, 0.0, 0.0, 0.0, 0.0, 0.0, 0.0, 0.0, 0.0, 0.0, 0.0, 0.0, 0.0, 0.0, 0.0, 0.0, 0.0, 0.0, 0.0, 0.0, 0.0, 0.0, 0.0, 0.0, 0.0, 0.0, 0.0, 0.0, 0.0, 0.0, 0.0, 0.0, 0.0, 0.0, 0.0, 0.0, 0.0, 0.0]",True,
https://www.cnbc.com/artificial-intelligence/,0,0,0.0,,"[0.0, 0.0, 0.0, 0.0, 0.0, 0.0, 0.0, 0.0, 0.0, 0.0, 0.0, 0.0, 0.0, 0.0, 0.0, 0.0, 0.0, 0.0, 0.0, 0.0, 0.0, 0.0, 0.0, 0.0, 0.0, 0.0, 0.0, 0.0, 0.0, 0.0, 0.0, 0.0, 0.0, 0.0, 0.0, 0.0, 0.0, 0.0, 0.0, 0.0, 0.0, 0.0, 0.0, 0.0, 0.0, 0.0, 0.0, 0.0, 0.0, 0.0]",True,
https://www.bbc.com/news/topics/c404v061z99t,0,0,0.0,,"[0.0, 0.0, 0.0, 0.0, 0.0, 0.0, 0.0, 0.0, 0.0, 0.0, 0.0, 0.0, 0.0, 0.0, 0.0, 0.0, 0.0, 0.0, 0.0, 0.0, 0.0, 0.0, 0.0, 0.0, 0.0, 0.0, 0.0, 0.0, 0.0, 0.0, 0.0, 0.0, 0.0, 0.0, 0.0, 0.0, 0.0, 0.0, 0.0, 0.0, 0.0, 0.0, 0.0, 0.0, 0.0, 0.0, 0.0, 0.0, 0.0, 0.0]",True,
https://www.theguardian.com/technology/artificialintelligenceai,362,5,10.0,edt|oct|2025|oct 28|28 2025,"[0.07540042786075514, 0.05828758388748432, 0.08670353498305625, 0.008260012463924962, 0.10178290015987543, -0.12123385267773208, 0.07254847763838493, -0.08601090737261893, -0.023421848120944035, 0.16934312823041148, 0.03582045439302421, -0.05764383150783997, 0.2150392671430579, -0.22276680673418953, 0.3862030994446425, -0.17060703932942867, -0.09452812723889187, -0.2105884901029858, 0.22650159306624207, -0.06527754264980423, 0.08149824984016907, -0.12068095040394095, 0.36583228657229844, -0.13173861589449942, -0.11761330271818718, 0.12738298500306602, 0.11202525308172241, 0.24681817634763814, 0.43093703053872534, -0.07884542969626494, 0.08056913770488605, -0.10010037757097673, -0.021615583819625243, 0.058202052622459755, 0.014669178924503149, -0.07507998674572497, 0.03173299533096015, 0.04234592348759369, -0.11308550069342488, 0.0949896825975454, 0.02008104227624801, -0.027240098803037453, 0.0736164813338409, 0.044963239491350365, -0.0040321441759358315, -0.01937699028077707, 0.008154439816607122, -0.0009604062973516399, 0.00030019780929560556, -0.01433317619498855]",True,Artificial intelligence (AI) | The Guardian
https://apnews.com/hub/artificial-intelligence,537,6,10.0,ai|nvidia|openai|trillion|microsoft,"[0.1659511510358925, 0.1284576408013013, 0.174523418323731, 0.01452770342520571, 0.07475533816841387, -0.08201330873503108, 0.04057187269368485, -0.15632460941186083, -0.10359453221256283, 0.22586240882046524, -0.08279122127950746, -0.08142984085042092, 0.23200997398979106, -0.32060508265888193, 0.3214707079242512, -0.04632324197115376, 0.22115597119712366, -0.25410024061928044, -0.11387726852193433, -0.056343404324385525, -0.04216276313337484, -0.24043681594875177, -0.13349096402433852, -0.14512124740347337, -0.02549226140268525, -0.08581350363250424, -0.04014619726254861, -0.23946316423338626, -0.2251357340783041, 0.2091437808079085, 0.09434676768381686, -0.024618723832796105, 0.07500764854149743, -0.17337139209961303, -0.03497676758884739, 0.02483240761617088, -0.05228701841994628, -0.23288969792050015, 0.027586094903302785, 0.03536226133522722, 0.01377647835945505, -0.0296563889233227, 0.05812054326335481, -0.07929872967306707, 0.04712251341631699, 0.06518399466734558, -0.03349992027627429, -0.14357774100128073, 0.06873347818996187, -0.0586323601638461]",False,Artificial intelligence | AP News
https://abcnews.go.com/alerts/technology,2081,67,10.0,months ago|ago|months|ago months|pm,"[0.08159802797046165, 0.05966090698312397, 0.026914712183294158, 0.01697588107632301, 0.08840599943896688, -0.058527014845690006, 0.061984620309772365, -0.0553651888277034, 0.07041799964838084, 0.16993769587051516, 0.005703626463420548, -0.014152915665027615, 0.13688435077588307, -0.14034360577499191, 0.2868992164745553, 0.13528822673345675, -0.15067766770944563, -0.13580260400257196, 0.03803740592090352, 0.13135222355985152, -0.05082230971447284, 0.6832255895124921, -0.14261768990878507, -0.0328829891002614, 0.4283568193483666, 0.05033670688416968, -0.01404390649978517, -0.003586396158746229, -0.04298572196673998, 0.0018389468111801837, -0.03264454141464765, -0.023511712855214136, -0.026916265949730664, 0.038205970303643165, -0.07471287552801278, 0.12469265680949163, 0.12620513846675657, -0.021329279655630515, -0.0651494156743398, 0.07249834334703442, -0.04749360112733669, -0.026835860883139405, 0.06703570688606877, 0.007640338945790977, -0.011603279051655303, -0.0036269747451130457, 0.007413844422696186, 0.0031583851166551544, -0.00598196525026724, -0.0016186560797227696]",False,Technology News News & Videos - ABC News
